workerid,condition,response,candidate,probability
2681,event-maze,100,trump,1
2681,event-maze,0,harris,0
2681,event-maze,0,other,0
1598,maze-event,24,harris,0.24242424242424243
1598,maze-event,75,trump,0.7575757575757576
1598,maze-event,0,other,0
2523,spr-event,0,trump,0
2523,spr-event,100,harris,0.9803921568627451
2523,spr-event,2,other,0.0196078431372549
2284,event-maze,33,harris,0.2619047619047619
2284,event-maze,85,trump,0.6746031746031746
2284,event-maze,8,other,0.06349206349206349
2690,spr-event,24,trump,0.2376237623762376
2690,spr-event,77,harris,0.7623762376237624
2690,spr-event,0,other,0
1899,maze-event,25,trump,0.25
1899,maze-event,75,harris,0.75
1899,maze-event,0,other,0
2601,maze-event,49,trump,0.5
2601,maze-event,49,harris,0.5
2601,maze-event,0,other,0
2411,event-maze,48,trump,0.4897959183673469
2411,event-maze,50,harris,0.5102040816326531
2411,event-maze,0,other,0
2012,event-spr,2,trump,0.0196078431372549
2012,event-spr,99,harris,0.9705882352941176
2012,event-spr,1,other,0.00980392156862745
2945,event-maze,100,trump,0.970873786407767
2945,event-maze,1,harris,0.009708737864077669
2945,event-maze,2,other,0.019417475728155338
2573,maze-event,78,trump,0.5454545454545454
2573,maze-event,62,harris,0.43356643356643354
2573,maze-event,3,other,0.02097902097902098
2254,event-spr,23,harris,0.23958333333333334
2254,event-spr,73,trump,0.7604166666666666
2254,event-spr,0,other,0
2324,event-maze,21,trump,0.2079207920792079
2324,event-maze,80,harris,0.7920792079207921
2324,event-maze,0,other,0
1964,maze-event,49,trump,0.494949494949495
1964,maze-event,49,harris,0.494949494949495
1964,maze-event,1,other,0.010101010101010102
1476,spr-event,49,trump,0.5
1476,spr-event,49,harris,0.5
1476,spr-event,0,other,0
2726,spr-event,43,trump,0.4479166666666667
2726,spr-event,53,harris,0.5520833333333334
2726,spr-event,0,other,0
1613,spr-event,28,trump,0.2641509433962264
1613,spr-event,78,harris,0.7358490566037735
1613,spr-event,0,other,0
2462,event-spr,91,trump,0.9285714285714286
2462,event-spr,5,harris,0.05102040816326531
2462,event-spr,2,other,0.02040816326530612
2052,spr-event,59,harris,0.5221238938053098
2052,spr-event,54,trump,0.4778761061946903
2052,spr-event,0,other,0
2359,event-maze,41,harris,0.3203125
2359,event-maze,86,trump,0.671875
2359,event-maze,1,other,0.0078125
1545,spr-event,39,harris,0.4020618556701031
1545,spr-event,58,trump,0.5979381443298969
1545,spr-event,0,other,0
2853,event-spr,88,harris,0.8712871287128713
2853,event-spr,13,trump,0.12871287128712872
2853,event-spr,0,other,0
2948,event-spr,88,trump,0.6376811594202898
2948,event-spr,50,harris,0.36231884057971014
2948,event-spr,0,other,0
2285,spr-event,60,harris,0.5825242718446602
2285,spr-event,43,trump,0.4174757281553398
2285,spr-event,0,other,0
2643,maze-event,0,harris,0
2643,maze-event,100,trump,1
2643,maze-event,0,other,0
2064,spr-event,49,trump,0.48514851485148514
2064,spr-event,49,harris,0.48514851485148514
2064,spr-event,3,other,0.0297029702970297
2529,maze-event,25,harris,0.18796992481203006
2529,maze-event,100,trump,0.7518796992481203
2529,maze-event,8,other,0.06015037593984962
1921,event-maze,0,harris,0
1921,event-maze,100,trump,1
1921,event-maze,0,other,0
1797,spr-event,0,trump,0
1797,spr-event,76,harris,1
1797,spr-event,0,other,0
2067,spr-event,61,trump,0.6039603960396039
2067,spr-event,40,harris,0.39603960396039606
2067,spr-event,0,other,0
1460,spr-event,52,trump,0.5098039215686274
1460,spr-event,49,harris,0.4803921568627451
1460,spr-event,1,other,0.00980392156862745
2327,maze-event,45,trump,0.45918367346938777
2327,maze-event,53,harris,0.5408163265306123
2327,maze-event,0,other,0
1834,maze-event,84,harris,0.9333333333333333
1834,maze-event,6,trump,0.06666666666666667
1834,maze-event,0,other,0
1769,spr-event,14,harris,0.1414141414141414
1769,spr-event,85,trump,0.8585858585858586
1769,spr-event,0,other,0
1811,event-spr,51,trump,0.504950495049505
1811,event-spr,48,harris,0.4752475247524752
1811,event-spr,2,other,0.019801980198019802
1708,spr-event,51,trump,0.504950495049505
1708,spr-event,50,harris,0.49504950495049505
1708,spr-event,0,other,0
2839,spr-event,50,harris,0.4854368932038835
2839,spr-event,50,trump,0.4854368932038835
2839,spr-event,3,other,0.02912621359223301
1503,spr-event,49,harris,0.494949494949495
1503,spr-event,50,trump,0.5050505050505051
1503,spr-event,0,other,0
1531,maze-event,5,harris,0.050505050505050504
1531,maze-event,94,trump,0.9494949494949495
1531,maze-event,0,other,0
1873,event-spr,50,trump,0.49504950495049505
1873,event-spr,49,harris,0.48514851485148514
1873,event-spr,2,other,0.019801980198019802
2887,spr-event,90,trump,0.8737864077669902
2887,spr-event,6,harris,0.05825242718446602
2887,spr-event,7,other,0.06796116504854369
2440,maze-event,16,harris,0.21621621621621623
2440,maze-event,58,trump,0.7837837837837838
2440,maze-event,0,other,0
1519,spr-event,49,trump,0.5157894736842106
1519,spr-event,46,harris,0.4842105263157895
1519,spr-event,0,other,0
2408,event-spr,27,trump,0.35064935064935066
2408,event-spr,50,harris,0.6493506493506493
2408,event-spr,0,other,0
2452,event-spr,48,harris,0.4948453608247423
2452,event-spr,49,trump,0.5051546391752577
2452,event-spr,0,other,0
2099,spr-event,43,harris,0.43
2099,spr-event,57,trump,0.57
2099,spr-event,0,other,0
2436,event-spr,76,trump,0.5984251968503937
2436,event-spr,39,harris,0.30708661417322836
2436,event-spr,12,other,0.09448818897637795
1894,spr-event,62,harris,0.6019417475728155
1894,spr-event,41,trump,0.39805825242718446
1894,spr-event,0,other,0
2778,maze-event,51,trump,0.49514563106796117
2778,maze-event,50,harris,0.4854368932038835
2778,maze-event,2,other,0.019417475728155338
2386,spr-event,35,harris,0.32710280373831774
2386,spr-event,64,trump,0.5981308411214953
2386,spr-event,8,other,0.07476635514018691
1654,spr-event,74,harris,0.7551020408163265
1654,spr-event,24,trump,0.24489795918367346
1654,spr-event,0,other,0
2298,event-spr,100,harris,1
2298,event-spr,0,trump,0
2298,event-spr,0,other,0
1466,event-maze,72,harris,0.5
1466,event-maze,50,trump,0.3472222222222222
1466,event-maze,22,other,0.1527777777777778
2850,spr-event,45,harris,0.4166666666666667
2850,spr-event,63,trump,0.5833333333333334
2850,spr-event,0,other,0
1591,maze-event,50,trump,0.5
1591,maze-event,50,harris,0.5
1591,maze-event,0,other,0
2980,event-maze,91,trump,0.8504672897196262
2980,event-maze,11,harris,0.102803738317757
2980,event-maze,5,other,0.04672897196261682
2937,event-maze,61,harris,0.5980392156862745
2937,event-maze,41,trump,0.4019607843137255
2937,event-maze,0,other,0
1772,spr-event,53,harris,0.5463917525773195
1772,spr-event,44,trump,0.4536082474226804
1772,spr-event,0,other,0
2060,spr-event,92,harris,0.9484536082474226
2060,spr-event,5,trump,0.05154639175257732
2060,spr-event,0,other,0
2263,spr-event,50,harris,0.49504950495049505
2263,spr-event,51,trump,0.504950495049505
2263,spr-event,0,other,0
1759,maze-event,49,harris,0.5
1759,maze-event,49,trump,0.5
1759,maze-event,0,other,0
1634,spr-event,100,harris,0.9615384615384616
1634,spr-event,2,trump,0.019230769230769232
1634,spr-event,2,other,0.019230769230769232
1961,maze-event,59,harris,0.43703703703703706
1961,maze-event,76,trump,0.562962962962963
1961,maze-event,0,other,0
1679,maze-event,100,trump,0.9900990099009901
1679,maze-event,1,harris,0.009900990099009901
1679,maze-event,0,other,0
1918,maze-event,0,trump,0
1918,maze-event,75,harris,1
1918,maze-event,0,other,0
1935,event-spr,84,trump,0.5793103448275863
1935,event-spr,61,harris,0.4206896551724138
1935,event-spr,0,other,0
2588,maze-event,52,harris,0.5306122448979592
2588,maze-event,46,trump,0.46938775510204084
2588,maze-event,0,other,0
2054,maze-event,48,harris,0.4897959183673469
2054,maze-event,50,trump,0.5102040816326531
2054,maze-event,0,other,0
2522,maze-event,0,trump,0
2522,maze-event,100,harris,1
2522,maze-event,0,other,0
2929,spr-event,95,harris,0.5191256830601093
2929,spr-event,88,trump,0.4808743169398907
2929,spr-event,0,other,0
1518,spr-event,87,harris,0.8529411764705882
1518,spr-event,15,trump,0.14705882352941177
1518,spr-event,0,other,0
1411,spr-event,62,harris,0.6262626262626263
1411,spr-event,37,trump,0.37373737373737376
1411,spr-event,0,other,0
2193,maze-event,75,harris,0.7575757575757576
2193,maze-event,24,trump,0.24242424242424243
2193,maze-event,0,other,0
1946,spr-event,100,trump,1
1946,spr-event,0,harris,0
1946,spr-event,0,other,0
2101,spr-event,54,trump,0.5510204081632653
2101,spr-event,44,harris,0.4489795918367347
2101,spr-event,0,other,0
1775,event-maze,49,harris,0.494949494949495
1775,event-maze,50,trump,0.5050505050505051
1775,event-maze,0,other,0
2381,event-spr,65,harris,0.5855855855855856
2381,event-spr,46,trump,0.4144144144144144
2381,event-spr,0,other,0
2153,spr-event,25,trump,0.25
2153,spr-event,75,harris,0.75
2153,spr-event,0,other,0
2589,spr-event,55,trump,0.5555555555555556
2589,spr-event,44,harris,0.4444444444444444
2589,spr-event,0,other,0
1743,maze-event,79,trump,0.632
1743,maze-event,36,harris,0.288
1743,maze-event,10,other,0.08
1641,spr-event,65,harris,0.625
1641,spr-event,39,trump,0.375
1641,spr-event,0,other,0
1536,maze-event,50,harris,0.5
1536,maze-event,50,trump,0.5
1536,maze-event,0,other,0
2858,spr-event,49,trump,0.5
2858,spr-event,49,harris,0.5
2858,spr-event,0,other,0
2526,spr-event,57,harris,0.5588235294117647
2526,spr-event,45,trump,0.4411764705882353
2526,spr-event,0,other,0
2918,spr-event,46,harris,0.38016528925619836
2918,spr-event,75,trump,0.6198347107438017
2918,spr-event,0,other,0
1420,maze-event,50,trump,0.5050505050505051
1420,maze-event,49,harris,0.494949494949495
1420,maze-event,0,other,0
2299,event-maze,63,harris,0.5294117647058824
2299,event-maze,56,trump,0.47058823529411764
2299,event-maze,0,other,0
2943,event-maze,62,harris,0.5961538461538461
2943,event-maze,40,trump,0.38461538461538464
2943,event-maze,2,other,0.019230769230769232
2235,maze-event,24,trump,0.24242424242424243
2235,maze-event,75,harris,0.7575757575757576
2235,maze-event,0,other,0
2335,event-maze,62,trump,0.62
2335,event-maze,38,harris,0.38
2335,event-maze,0,other,0
2592,spr-event,73,trump,0.7448979591836735
2592,spr-event,25,harris,0.25510204081632654
2592,spr-event,0,other,0
2114,spr-event,53,harris,0.53
2114,spr-event,47,trump,0.47
2114,spr-event,0,other,0
2409,spr-event,52,harris,0.5416666666666666
2409,spr-event,44,trump,0.4583333333333333
2409,spr-event,0,other,0
2273,maze-event,77,harris,0.7623762376237624
2273,maze-event,24,trump,0.2376237623762376
2273,maze-event,0,other,0
2218,event-maze,48,harris,0.4897959183673469
2218,event-maze,50,trump,0.5102040816326531
2218,event-maze,0,other,0
2179,maze-event,55,harris,0.5392156862745098
2179,maze-event,47,trump,0.46078431372549017
2179,maze-event,0,other,0
2672,spr-event,50,trump,0.4854368932038835
2672,spr-event,50,harris,0.4854368932038835
2672,spr-event,3,other,0.02912621359223301
2814,event-maze,100,trump,1
2814,event-maze,0,harris,0
2814,event-maze,0,other,0
2231,event-spr,39,harris,0.3939393939393939
2231,event-spr,60,trump,0.6060606060606061
2231,event-spr,0,other,0
1670,spr-event,24,harris,0.24742268041237114
1670,spr-event,73,trump,0.7525773195876289
1670,spr-event,0,other,0
1973,spr-event,6,trump,0.06521739130434782
1973,spr-event,86,harris,0.9347826086956522
1973,spr-event,0,other,0
2182,event-spr,99,trump,0.9611650485436893
2182,event-spr,3,harris,0.02912621359223301
2182,event-spr,1,other,0.009708737864077669
2376,event-spr,61,trump,0.6039603960396039
2376,event-spr,40,harris,0.39603960396039606
2376,event-spr,0,other,0
2559,maze-event,18,harris,0.17475728155339806
2559,maze-event,85,trump,0.8252427184466019
2559,maze-event,0,other,0
1442,spr-event,46,trump,0.44660194174757284
1442,spr-event,57,harris,0.5533980582524272
1442,spr-event,0,other,0
1398,spr-event,45,trump,0.4326923076923077
1398,spr-event,59,harris,0.5673076923076923
1398,spr-event,0,other,0
1602,spr-event,97,harris,0.941747572815534
1602,spr-event,6,trump,0.05825242718446602
1602,spr-event,0,other,0
1580,spr-event,89,trump,0.8557692307692307
1580,spr-event,12,harris,0.11538461538461539
1580,spr-event,3,other,0.028846153846153848
1471,event-spr,63,harris,0.6237623762376238
1471,event-spr,38,trump,0.37623762376237624
1471,event-spr,0,other,0
1510,spr-event,48,harris,0.5
1510,spr-event,48,trump,0.5
1510,spr-event,0,other,0
2650,maze-event,62,trump,0.5486725663716814
2650,maze-event,41,harris,0.36283185840707965
2650,maze-event,10,other,0.08849557522123894
1829,event-maze,49,trump,0.48514851485148514
1829,event-maze,52,harris,0.5148514851485149
1829,event-maze,0,other,0
2584,event-spr,46,trump,0.46464646464646464
2584,event-spr,50,harris,0.5050505050505051
2584,event-spr,3,other,0.030303030303030304
2572,maze-event,0,harris,0
2572,maze-event,100,trump,1
2572,maze-event,0,other,0
2431,spr-event,85,harris,0.5944055944055944
2431,spr-event,15,trump,0.1048951048951049
2431,spr-event,43,other,0.3006993006993007
1788,maze-event,71,trump,0.696078431372549
1788,maze-event,31,harris,0.30392156862745096
1788,maze-event,0,other,0
2131,event-spr,54,harris,0.5510204081632653
2131,event-spr,44,trump,0.4489795918367347
2131,event-spr,0,other,0
1395,spr-event,24,trump,0.24242424242424243
1395,spr-event,75,harris,0.7575757575757576
1395,spr-event,0,other,0
1538,event-maze,1,trump,0.009900990099009901
1538,event-maze,100,harris,0.9900990099009901
1538,event-maze,0,other,0
1649,event-spr,74,harris,0.7551020408163265
1649,event-spr,24,trump,0.24489795918367346
1649,event-spr,0,other,0
2886,maze-event,49,harris,0.5
2886,maze-event,49,trump,0.5
2886,maze-event,0,other,0
2971,spr-event,74,harris,0.45962732919254656
2971,spr-event,87,trump,0.5403726708074534
2971,spr-event,0,other,0
1438,spr-event,14,trump,0.12280701754385964
1438,spr-event,100,harris,0.8771929824561403
1438,spr-event,0,other,0
1978,event-maze,45,harris,0.45918367346938777
1978,event-maze,53,trump,0.5408163265306123
1978,event-maze,0,other,0
1782,event-spr,45,trump,0.45454545454545453
1782,event-spr,54,harris,0.5454545454545454
1782,event-spr,0,other,0
2207,maze-event,60,trump,0.6
2207,maze-event,40,harris,0.4
2207,maze-event,0,other,0
1853,spr-event,50,harris,0.5102040816326531
1853,spr-event,48,trump,0.4897959183673469
1853,spr-event,0,other,0
2794,event-spr,53,harris,0.5353535353535354
2794,event-spr,46,trump,0.46464646464646464
2794,event-spr,0,other,0
1444,spr-event,100,trump,0.9900990099009901
1444,spr-event,1,harris,0.009900990099009901
1444,spr-event,0,other,0
2507,event-spr,12,harris,0.12631578947368421
2507,event-spr,82,trump,0.8631578947368421
2507,event-spr,1,other,0.010526315789473684
2314,event-maze,46,trump,0.5168539325842697
2314,event-maze,42,harris,0.47191011235955055
2314,event-maze,1,other,0.011235955056179775
1659,event-spr,49,trump,0.494949494949495
1659,event-spr,49,harris,0.494949494949495
1659,event-spr,1,other,0.010101010101010102
2895,event-spr,49,trump,0.494949494949495
2895,event-spr,50,harris,0.5050505050505051
2895,event-spr,0,other,0
1825,maze-event,46,trump,0.46464646464646464
1825,maze-event,52,harris,0.5252525252525253
1825,maze-event,1,other,0.010101010101010102
2967,event-spr,5,harris,0.04
2967,event-spr,91,trump,0.728
2967,event-spr,29,other,0.232
1683,maze-event,43,harris,0.35833333333333334
1683,maze-event,74,trump,0.6166666666666667
1683,maze-event,3,other,0.025
2550,event-spr,99,trump,0.9166666666666666
2550,event-spr,4,harris,0.037037037037037035
2550,event-spr,5,other,0.046296296296296294
2461,event-spr,93,trump,0.9489795918367347
2461,event-spr,5,harris,0.05102040816326531
2461,event-spr,0,other,0
2310,event-maze,52,harris,0.5252525252525253
2310,event-maze,47,trump,0.47474747474747475
2310,event-maze,0,other,0
2206,maze-event,51,harris,0.5204081632653061
2206,maze-event,47,trump,0.47959183673469385
2206,maze-event,0,other,0
1677,maze-event,100,harris,1
1677,maze-event,0,trump,0
1677,maze-event,0,other,0
2941,spr-event,100,trump,0.9345794392523364
2941,spr-event,3,harris,0.028037383177570093
2941,spr-event,4,other,0.037383177570093455
1885,spr-event,54,trump,0.4462809917355372
1885,spr-event,67,harris,0.5537190082644629
1885,spr-event,0,other,0
1732,spr-event,63,trump,0.63
1732,spr-event,37,harris,0.37
1732,spr-event,0,other,0
2317,spr-event,77,trump,0.5167785234899329
2317,spr-event,24,harris,0.1610738255033557
2317,spr-event,48,other,0.3221476510067114
2793,maze-event,100,trump,1
2793,maze-event,0,harris,0
2793,maze-event,0,other,0
2938,spr-event,96,trump,0.9504950495049505
2938,spr-event,3,harris,0.0297029702970297
2938,spr-event,2,other,0.019801980198019802
2313,event-spr,100,trump,1
2313,event-spr,0,harris,0
2313,event-spr,0,other,0
2115,event-spr,88,trump,0.4861878453038674
2115,event-spr,54,harris,0.2983425414364641
2115,event-spr,39,other,0.2154696132596685
2228,event-spr,52,harris,0.5306122448979592
2228,event-spr,46,trump,0.46938775510204084
2228,event-spr,0,other,0
1535,event-maze,37,trump,0.4065934065934066
1535,event-maze,54,harris,0.5934065934065934
1535,event-maze,0,other,0
2809,spr-event,36,trump,0.2748091603053435
2809,spr-event,83,harris,0.6335877862595419
2809,spr-event,12,other,0.0916030534351145
2455,maze-event,90,trump,0.9090909090909091
2455,maze-event,9,harris,0.09090909090909091
2455,maze-event,0,other,0
1451,event-spr,84,trump,0.5283018867924528
1451,event-spr,64,harris,0.4025157232704403
1451,event-spr,11,other,0.06918238993710692
2088,event-spr,63,harris,0.6057692307692307
2088,event-spr,40,trump,0.38461538461538464
2088,event-spr,1,other,0.009615384615384616
1639,event-spr,86,harris,0.8775510204081632
1639,event-spr,12,trump,0.12244897959183673
1639,event-spr,0,other,0
2707,spr-event,100,trump,1
2707,spr-event,0,harris,0
2707,spr-event,0,other,0
2639,maze-event,100,trump,1
2639,maze-event,0,harris,0
2639,maze-event,0,other,0
1514,spr-event,24,harris,0.24489795918367346
1514,spr-event,74,trump,0.7551020408163265
1514,spr-event,0,other,0
2013,event-spr,82,trump,0.6307692307692307
2013,event-spr,48,harris,0.36923076923076925
2013,event-spr,0,other,0
2866,maze-event,49,trump,0.5
2866,maze-event,49,harris,0.5
2866,maze-event,0,other,0
2775,spr-event,69,harris,0.5036496350364964
2775,spr-event,54,trump,0.39416058394160586
2775,spr-event,14,other,0.10218978102189781
2004,spr-event,0,trump,0
2004,spr-event,100,harris,1
2004,spr-event,0,other,0
2350,maze-event,76,trump,0.7524752475247525
2350,maze-event,25,harris,0.24752475247524752
2350,maze-event,0,other,0
2544,maze-event,47,trump,0.47474747474747475
2544,maze-event,52,harris,0.5252525252525253
2544,maze-event,0,other,0
1403,event-spr,49,trump,0.5
1403,event-spr,49,harris,0.5
1403,event-spr,0,other,0
2022,spr-event,36,trump,0.3564356435643564
2022,spr-event,65,harris,0.6435643564356436
2022,spr-event,0,other,0
1505,maze-event,100,harris,1
1505,maze-event,0,trump,0
1505,maze-event,0,other,0
2160,event-maze,49,trump,0.5
2160,event-maze,49,harris,0.5
2160,event-maze,0,other,0
2607,spr-event,40,trump,0.29411764705882354
2607,spr-event,90,harris,0.6617647058823529
2607,spr-event,6,other,0.04411764705882353
2712,event-maze,41,trump,0.41414141414141414
2712,event-maze,58,harris,0.5858585858585859
2712,event-maze,0,other,0
2377,event-maze,48,harris,0.48484848484848486
2377,event-maze,51,trump,0.5151515151515151
2377,event-maze,0,other,0
2236,spr-event,9,harris,0.09090909090909091
2236,spr-event,90,trump,0.9090909090909091
2236,spr-event,0,other,0
2304,spr-event,38,trump,0.37254901960784315
2304,spr-event,64,harris,0.6274509803921569
2304,spr-event,0,other,0
1524,spr-event,52,trump,0.52
1524,spr-event,48,harris,0.48
1524,spr-event,0,other,0
1576,event-spr,49,harris,0.5
1576,event-spr,49,trump,0.5
1576,event-spr,0,other,0
1956,maze-event,50,harris,0.5
1956,maze-event,50,trump,0.5
1956,maze-event,0,other,0
2315,spr-event,44,trump,0.42718446601941745
2315,spr-event,59,harris,0.5728155339805825
2315,spr-event,0,other,0
2525,maze-event,53,trump,0.5408163265306123
2525,maze-event,45,harris,0.45918367346938777
2525,maze-event,0,other,0
2923,event-maze,45,harris,0.4205607476635514
2923,event-maze,60,trump,0.5607476635514018
2923,event-maze,2,other,0.018691588785046728
1637,maze-event,86,trump,0.7889908256880734
1637,maze-event,23,harris,0.21100917431192662
1637,maze-event,0,other,0
2410,spr-event,5,harris,0.043859649122807015
2410,spr-event,61,trump,0.5350877192982456
2410,spr-event,48,other,0.42105263157894735
2185,spr-event,48,trump,0.32432432432432434
2185,spr-event,100,harris,0.6756756756756757
2185,spr-event,0,other,0
1735,spr-event,49,harris,0.48514851485148514
1735,spr-event,49,trump,0.48514851485148514
1735,spr-event,3,other,0.0297029702970297
1688,event-maze,49,harris,0.48514851485148514
1688,event-maze,52,trump,0.5148514851485149
1688,event-maze,0,other,0
1926,event-maze,50,harris,0.5102040816326531
1926,event-maze,48,trump,0.4897959183673469
1926,event-maze,0,other,0
2469,event-spr,7,trump,0.0673076923076923
2469,event-spr,97,harris,0.9326923076923077
2469,event-spr,0,other,0
1450,spr-event,89,harris,0.8640776699029126
1450,spr-event,14,trump,0.13592233009708737
1450,spr-event,0,other,0
1701,spr-event,23,trump,0.18699186991869918
1701,spr-event,100,harris,0.8130081300813008
1701,spr-event,0,other,0
2693,event-spr,55,harris,0.5670103092783505
2693,event-spr,42,trump,0.4329896907216495
2693,event-spr,0,other,0
1796,event-maze,92,harris,0.9108910891089109
1796,event-maze,9,trump,0.0891089108910891
1796,event-maze,0,other,0
1513,event-maze,100,harris,0.9803921568627451
1513,event-maze,1,trump,0.00980392156862745
1513,event-maze,1,other,0.00980392156862745
2714,spr-event,49,trump,0.5
2714,spr-event,49,harris,0.5
2714,spr-event,0,other,0
2740,spr-event,69,harris,0.6764705882352942
2740,spr-event,33,trump,0.3235294117647059
2740,spr-event,0,other,0
1922,spr-event,24,harris,0.24242424242424243
1922,spr-event,75,trump,0.7575757575757576
1922,spr-event,0,other,0
2356,event-spr,74,trump,0.7551020408163265
2356,event-spr,24,harris,0.24489795918367346
2356,event-spr,0,other,0
2611,event-maze,12,trump,0.10344827586206896
2611,event-maze,100,harris,0.8620689655172413
2611,event-maze,4,other,0.034482758620689655
1664,spr-event,57,harris,0.57
1664,spr-event,43,trump,0.43
1664,spr-event,0,other,0
1469,event-spr,46,trump,0.46464646464646464
1469,event-spr,53,harris,0.5353535353535354
1469,event-spr,0,other,0
1554,spr-event,47,harris,0.47959183673469385
1554,spr-event,51,trump,0.5204081632653061
1554,spr-event,0,other,0
1508,spr-event,34,trump,0.2905982905982906
1508,spr-event,77,harris,0.6581196581196581
1508,spr-event,6,other,0.05128205128205128
2466,event-spr,46,harris,0.4742268041237113
2466,event-spr,51,trump,0.5257731958762887
2466,event-spr,0,other,0
2664,spr-event,42,trump,0.42857142857142855
2664,spr-event,56,harris,0.5714285714285714
2664,spr-event,0,other,0
1792,spr-event,91,harris,0.9285714285714286
1792,spr-event,7,trump,0.07142857142857142
1792,spr-event,0,other,0
2852,event-maze,50,harris,0.5050505050505051
2852,event-maze,49,trump,0.494949494949495
2852,event-maze,0,other,0
1908,event-maze,56,trump,0.5490196078431373
1908,event-maze,45,harris,0.4411764705882353
1908,event-maze,1,other,0.00980392156862745
2891,event-spr,75,harris,0.7575757575757576
2891,event-spr,24,trump,0.24242424242424243
2891,event-spr,0,other,0
2511,event-spr,54,harris,0.5346534653465347
2511,event-spr,46,trump,0.45544554455445546
2511,event-spr,1,other,0.009900990099009901
2120,spr-event,99,harris,0.532258064516129
2120,spr-event,87,trump,0.46774193548387094
2120,spr-event,0,other,0
2257,spr-event,40,harris,0.31007751937984496
2257,spr-event,89,trump,0.689922480620155
2257,spr-event,0,other,0
2699,spr-event,42,trump,0.45161290322580644
2699,spr-event,48,harris,0.5161290322580645
2699,spr-event,3,other,0.03225806451612903
2430,spr-event,88,trump,0.7586206896551724
2430,spr-event,21,harris,0.1810344827586207
2430,spr-event,7,other,0.0603448275862069
2832,spr-event,48,harris,0.46601941747572817
2832,spr-event,54,trump,0.5242718446601942
2832,spr-event,1,other,0.009708737864077669
2253,maze-event,48,trump,0.4948453608247423
2253,maze-event,49,harris,0.5051546391752577
2253,maze-event,0,other,0
2248,spr-event,41,harris,0.41836734693877553
2248,spr-event,57,trump,0.5816326530612245
2248,spr-event,0,other,0
1911,spr-event,61,harris,0.61
1911,spr-event,39,trump,0.39
1911,spr-event,0,other,0
1492,event-maze,49,trump,0.5
1492,event-maze,49,harris,0.5
1492,event-maze,0,other,0
2628,event-spr,46,trump,0.46464646464646464
2628,event-spr,52,harris,0.5252525252525253
2628,event-spr,1,other,0.010101010101010102
1401,event-maze,49,harris,0.494949494949495
1401,event-maze,50,trump,0.5050505050505051
1401,event-maze,0,other,0
2912,spr-event,11,trump,0.10185185185185185
2912,spr-event,89,harris,0.8240740740740741
2912,spr-event,8,other,0.07407407407407407
1575,spr-event,33,trump,0.3235294117647059
1575,spr-event,69,harris,0.6764705882352942
1575,spr-event,0,other,0
2384,event-spr,27,harris,0.2571428571428571
2384,event-spr,76,trump,0.7238095238095238
2384,event-spr,2,other,0.01904761904761905
1675,maze-event,43,trump,0.3944954128440367
1675,maze-event,49,harris,0.44954128440366975
1675,maze-event,17,other,0.1559633027522936
2954,spr-event,47,harris,0.47
2954,spr-event,53,trump,0.53
2954,spr-event,0,other,0
2337,spr-event,10,harris,0.09900990099009901
2337,spr-event,91,trump,0.900990099009901
2337,spr-event,0,other,0
2576,spr-event,43,harris,0.43434343434343436
2576,spr-event,56,trump,0.5656565656565656
2576,spr-event,0,other,0
2800,maze-event,52,harris,0.5360824742268041
2800,maze-event,45,trump,0.4639175257731959
2800,maze-event,0,other,0
1629,event-spr,61,harris,0.6421052631578947
1629,event-spr,34,trump,0.35789473684210527
1629,event-spr,0,other,0
1556,maze-event,54,trump,0.48214285714285715
1556,maze-event,48,harris,0.42857142857142855
1556,maze-event,10,other,0.08928571428571429
2361,spr-event,7,harris,0.0707070707070707
2361,spr-event,92,trump,0.9292929292929293
2361,spr-event,0,other,0
2558,spr-event,5,harris,0.049019607843137254
2558,spr-event,82,trump,0.803921568627451
2558,spr-event,15,other,0.14705882352941177
1681,event-spr,50,harris,0.4032258064516129
1681,event-spr,49,trump,0.3951612903225806
1681,event-spr,25,other,0.20161290322580644
2319,maze-event,58,trump,0.5742574257425742
2319,maze-event,43,harris,0.42574257425742573
2319,maze-event,0,other,0
2427,maze-event,55,harris,0.5851063829787234
2427,maze-event,39,trump,0.4148936170212766
2427,maze-event,0,other,0
2209,spr-event,75,trump,0.7575757575757576
2209,spr-event,24,harris,0.24242424242424243
2209,spr-event,0,other,0
2300,spr-event,51,trump,0.504950495049505
2300,spr-event,50,harris,0.49504950495049505
2300,spr-event,0,other,0
1881,event-spr,50,harris,0.5050505050505051
1881,event-spr,49,trump,0.494949494949495
1881,event-spr,0,other,0
2905,event-maze,42,trump,0.42
2905,event-maze,58,harris,0.58
2905,event-maze,0,other,0
1915,event-spr,39,trump,0.38235294117647056
1915,event-spr,63,harris,0.6176470588235294
1915,event-spr,0,other,0
2382,maze-event,23,harris,0.23469387755102042
2382,maze-event,74,trump,0.7551020408163265
2382,maze-event,1,other,0.01020408163265306
2539,event-maze,100,trump,0.9433962264150944
2539,event-maze,3,harris,0.02830188679245283
2539,event-maze,3,other,0.02830188679245283
1972,spr-event,37,trump,0.3592233009708738
1972,spr-event,65,harris,0.6310679611650486
1972,spr-event,1,other,0.009708737864077669
2271,maze-event,75,trump,0.5172413793103449
2271,maze-event,54,harris,0.3724137931034483
2271,maze-event,16,other,0.1103448275862069
2730,event-spr,43,trump,0.43
2730,event-spr,57,harris,0.57
2730,event-spr,0,other,0
1977,event-spr,52,harris,0.5306122448979592
1977,event-spr,46,trump,0.46938775510204084
1977,event-spr,0,other,0
2911,event-spr,74,harris,0.7708333333333334
2911,event-spr,22,trump,0.22916666666666666
2911,event-spr,0,other,0
1846,spr-event,99,trump,1
1846,spr-event,0,harris,0
1846,spr-event,0,other,0
1606,maze-event,58,harris,0.5918367346938775
1606,maze-event,40,trump,0.40816326530612246
1606,maze-event,0,other,0
1653,spr-event,0,harris,0
1653,spr-event,100,trump,1
1653,spr-event,0,other,0
2686,event-spr,100,trump,1
2686,event-spr,0,harris,0
2686,event-spr,0,other,0
1947,event-maze,50,trump,0.5
1947,event-maze,50,harris,0.5
1947,event-maze,0,other,0
2718,maze-event,58,harris,0.6041666666666666
2718,maze-event,38,trump,0.3958333333333333
2718,maze-event,0,other,0
1543,spr-event,21,trump,0.26582278481012656
1543,spr-event,58,harris,0.7341772151898734
1543,spr-event,0,other,0
1778,event-spr,55,harris,0.45081967213114754
1778,event-spr,65,trump,0.5327868852459017
1778,event-spr,2,other,0.01639344262295082
2666,spr-event,100,trump,1
2666,spr-event,0,harris,0
2666,spr-event,0,other,0
2946,event-spr,45,trump,0.391304347826087
2946,event-spr,70,harris,0.6086956521739131
2946,event-spr,0,other,0
1529,event-spr,57,harris,0.5816326530612245
1529,event-spr,41,trump,0.41836734693877553
1529,event-spr,0,other,0
2804,event-spr,56,harris,0.5714285714285714
2804,event-spr,42,trump,0.42857142857142855
2804,event-spr,0,other,0
1581,maze-event,50,harris,0.5050505050505051
1581,maze-event,49,trump,0.494949494949495
1581,maze-event,0,other,0
2512,maze-event,66,harris,0.6666666666666666
2512,maze-event,33,trump,0.3333333333333333
2512,maze-event,0,other,0
1447,spr-event,11,trump,0.10576923076923077
1447,spr-event,93,harris,0.8942307692307693
1447,spr-event,0,other,0
2702,spr-event,100,harris,1
2702,spr-event,0,trump,0
2702,spr-event,0,other,0
1456,event-maze,60,trump,0.4918032786885246
1456,event-maze,50,harris,0.4098360655737705
1456,event-maze,12,other,0.09836065573770492
2282,spr-event,54,trump,0.5346534653465347
2282,spr-event,47,harris,0.46534653465346537
2282,spr-event,0,other,0
2046,spr-event,45,harris,0.44554455445544555
2046,spr-event,56,trump,0.5544554455445545
2046,spr-event,0,other,0
2677,spr-event,76,trump,0.7676767676767676
2677,spr-event,23,harris,0.23232323232323232
2677,spr-event,0,other,0
1480,event-maze,47,harris,0.46534653465346537
1480,event-maze,51,trump,0.504950495049505
1480,event-maze,3,other,0.0297029702970297
2301,spr-event,46,trump,0.46938775510204084
2301,spr-event,52,harris,0.5306122448979592
2301,spr-event,0,other,0
2613,maze-event,93,trump,0.808695652173913
2613,maze-event,22,harris,0.19130434782608696
2613,maze-event,0,other,0
1627,event-spr,54,harris,0.5346534653465347
1627,event-spr,47,trump,0.46534653465346537
1627,event-spr,0,other,0
2779,maze-event,40,trump,0.3883495145631068
2779,maze-event,63,harris,0.6116504854368932
2779,maze-event,0,other,0
2219,event-spr,49,harris,0.5
2219,event-spr,49,trump,0.5
2219,event-spr,0,other,0
2076,spr-event,62,harris,0.6262626262626263
2076,spr-event,37,trump,0.37373737373737376
2076,spr-event,0,other,0
2363,maze-event,23,harris,0.23711340206185566
2363,maze-event,74,trump,0.7628865979381443
2363,maze-event,0,other,0
2471,maze-event,50,harris,0.5
2471,maze-event,50,trump,0.5
2471,maze-event,0,other,0
1981,spr-event,64,trump,0.6530612244897959
1981,spr-event,34,harris,0.3469387755102041
1981,spr-event,0,other,0
2581,spr-event,90,trump,0.8256880733944955
2581,spr-event,9,harris,0.08256880733944955
2581,spr-event,10,other,0.09174311926605505
2816,event-spr,75,trump,0.7653061224489796
2816,event-spr,23,harris,0.23469387755102042
2816,event-spr,0,other,0
1785,spr-event,50,harris,0.49019607843137253
1785,spr-event,52,trump,0.5098039215686274
1785,spr-event,0,other,0
2421,spr-event,13,harris,0.12380952380952381
2421,spr-event,92,trump,0.8761904761904762
2421,spr-event,0,other,0
2658,event-maze,24,trump,0.24
2658,event-maze,76,harris,0.76
2658,event-maze,0,other,0
2108,maze-event,50,trump,0.5
2108,maze-event,50,harris,0.5
2108,maze-event,0,other,0
1698,spr-event,49,harris,0.5051546391752577
1698,spr-event,48,trump,0.4948453608247423
1698,spr-event,0,other,0
2405,spr-event,25,trump,0.25
2405,spr-event,75,harris,0.75
2405,spr-event,0,other,0
1624,event-spr,54,harris,0.5510204081632653
1624,event-spr,44,trump,0.4489795918367347
1624,event-spr,0,other,0
2373,event-maze,12,trump,0.10344827586206896
2373,event-maze,100,harris,0.8620689655172413
2373,event-maze,4,other,0.034482758620689655
2250,event-spr,100,trump,1
2250,event-spr,0,harris,0
2250,event-spr,0,other,0
1614,event-spr,77,trump,0.7475728155339806
1614,event-spr,25,harris,0.24271844660194175
1614,event-spr,1,other,0.009708737864077669
2451,spr-event,50,harris,0.5102040816326531
2451,spr-event,48,trump,0.4897959183673469
2451,spr-event,0,other,0
1652,spr-event,61,harris,0.5350877192982456
1652,spr-event,53,trump,0.4649122807017544
1652,spr-event,0,other,0
2555,spr-event,90,trump,0.8737864077669902
2555,spr-event,13,harris,0.1262135922330097
2555,spr-event,0,other,0
1991,event-spr,0,harris,0
1991,event-spr,100,trump,1
1991,event-spr,0,other,0
2467,maze-event,50,trump,0.49019607843137253
2467,maze-event,51,harris,0.5
2467,maze-event,1,other,0.00980392156862745
2582,event-spr,62,harris,0.5
2582,event-spr,62,trump,0.5
2582,event-spr,0,other,0
1851,spr-event,50,trump,0.5050505050505051
1851,spr-event,49,harris,0.494949494949495
1851,spr-event,0,other,0
1472,event-maze,84,trump,0.5153374233128835
1472,event-maze,71,harris,0.43558282208588955
1472,event-maze,8,other,0.049079754601226995
2548,maze-event,3,trump,0.029411764705882353
2548,maze-event,99,harris,0.9705882352941176
2548,maze-event,0,other,0
1464,spr-event,0,trump,0
1464,spr-event,100,harris,1
1464,spr-event,0,other,0
2719,event-maze,56,harris,0.5544554455445545
2719,event-maze,45,trump,0.44554455445544555
2719,event-maze,0,other,0
2422,event-spr,42,harris,0.3888888888888889
2422,event-spr,65,trump,0.6018518518518519
2422,event-spr,1,other,0.009259259259259259
2262,event-maze,66,harris,0.6111111111111112
2262,event-maze,39,trump,0.3611111111111111
2262,event-maze,3,other,0.027777777777777776
2834,spr-event,43,harris,0.43
2834,spr-event,57,trump,0.57
2834,spr-event,0,other,0
1705,spr-event,48,trump,0.5052631578947369
1705,spr-event,47,harris,0.49473684210526314
1705,spr-event,0,other,0
1845,event-spr,12,harris,0.11428571428571428
1845,event-spr,93,trump,0.8857142857142857
1845,event-spr,0,other,0
1942,event-maze,91,harris,0.5481927710843374
1942,event-maze,75,trump,0.45180722891566266
1942,event-maze,0,other,0
2892,spr-event,40,harris,0.4
2892,spr-event,60,trump,0.6
2892,spr-event,0,other,0
1745,event-spr,40,trump,0.3883495145631068
1745,event-spr,63,harris,0.6116504854368932
1745,event-spr,0,other,0
2109,maze-event,50,trump,0.5
2109,maze-event,50,harris,0.5
2109,maze-event,0,other,0
1528,spr-event,6,trump,0.058823529411764705
1528,spr-event,96,harris,0.9411764705882353
1528,spr-event,0,other,0
1791,spr-event,45,harris,0.44554455445544555
1791,spr-event,56,trump,0.5544554455445545
1791,spr-event,0,other,0
2864,event-spr,46,trump,0.45544554455445546
2864,event-spr,55,harris,0.5445544554455446
2864,event-spr,0,other,0
2323,spr-event,76,trump,0.6031746031746031
2323,spr-event,50,harris,0.3968253968253968
2323,spr-event,0,other,0
2517,event-spr,85,harris,0.5089820359281437
2517,event-spr,81,trump,0.48502994011976047
2517,event-spr,1,other,0.005988023952095809
2861,maze-event,98,harris,0.98
2861,maze-event,2,trump,0.02
2861,maze-event,0,other,0
2952,spr-event,49,harris,0.494949494949495
2952,spr-event,50,trump,0.5050505050505051
2952,spr-event,0,other,0
1998,maze-event,49,trump,0.5
1998,maze-event,49,harris,0.5
1998,maze-event,0,other,0
1952,spr-event,49,trump,0.5
1952,spr-event,49,harris,0.5
1952,spr-event,0,other,0
1672,spr-event,0,harris,0
1672,spr-event,100,trump,1
1672,spr-event,0,other,0
2871,event-spr,43,harris,0.42574257425742573
2871,event-spr,58,trump,0.5742574257425742
2871,event-spr,0,other,0
1592,spr-event,64,harris,0.6336633663366337
1592,spr-event,37,trump,0.36633663366336633
1592,spr-event,0,other,0
1869,event-spr,45,trump,0.4205607476635514
1869,event-spr,52,harris,0.48598130841121495
1869,event-spr,10,other,0.09345794392523364
2947,event-spr,100,trump,1
2947,event-spr,0,harris,0
2947,event-spr,0,other,0
2458,spr-event,73,trump,0.8295454545454546
2458,spr-event,15,harris,0.17045454545454544
2458,spr-event,0,other,0
1721,event-maze,70,harris,0.6796116504854369
1721,event-maze,33,trump,0.32038834951456313
1721,event-maze,0,other,0
2623,event-maze,50,harris,0.49019607843137253
2623,event-maze,51,trump,0.5
2623,event-maze,1,other,0.00980392156862745
2305,spr-event,24,harris,0.24
2305,spr-event,76,trump,0.76
2305,spr-event,0,other,0
2229,spr-event,0,harris,0
2229,spr-event,100,trump,1
2229,spr-event,0,other,0
2503,spr-event,49,trump,0.47115384615384615
2503,spr-event,52,harris,0.5
2503,spr-event,3,other,0.028846153846153848
1467,spr-event,45,trump,0.45
1467,spr-event,55,harris,0.55
1467,spr-event,0,other,0
2818,event-spr,29,trump,0.27358490566037735
2818,event-spr,77,harris,0.7264150943396226
2818,event-spr,0,other,0
2614,spr-event,50,trump,0.5
2614,spr-event,50,harris,0.5
2614,spr-event,0,other,0
2216,maze-event,45,harris,0.45454545454545453
2216,maze-event,54,trump,0.5454545454545454
2216,maze-event,0,other,0
2691,event-maze,43,harris,0.4215686274509804
2691,event-maze,57,trump,0.5588235294117647
2691,event-maze,2,other,0.0196078431372549
1965,spr-event,49,trump,0.5
1965,spr-event,49,harris,0.5
1965,spr-event,0,other,0
1418,event-spr,20,harris,0.17391304347826086
1418,event-spr,94,trump,0.8173913043478261
1418,event-spr,1,other,0.008695652173913044
1996,spr-event,24,trump,0.24
1996,spr-event,76,harris,0.76
1996,spr-event,0,other,0
1448,spr-event,100,harris,0.9900990099009901
1448,spr-event,0,trump,0
1448,spr-event,1,other,0.009900990099009901
2711,maze-event,100,harris,1
2711,maze-event,0,trump,0
2711,maze-event,0,other,0
2920,event-spr,75,harris,0.7575757575757576
2920,event-spr,24,trump,0.24242424242424243
2920,event-spr,0,other,0
1875,event-spr,49,harris,0.494949494949495
1875,event-spr,50,trump,0.5050505050505051
1875,event-spr,0,other,0
2212,spr-event,63,trump,0.6237623762376238
2212,spr-event,36,harris,0.3564356435643564
2212,spr-event,2,other,0.019801980198019802
2269,spr-event,41,trump,0.40594059405940597
2269,spr-event,60,harris,0.594059405940594
2269,spr-event,0,other,0
1562,spr-event,50,trump,0.5
1562,spr-event,50,harris,0.5
1562,spr-event,0,other,0
2715,spr-event,75,harris,0.75
2715,spr-event,25,trump,0.25
2715,spr-event,0,other,0
2508,spr-event,43,harris,0.42574257425742573
2508,spr-event,58,trump,0.5742574257425742
2508,spr-event,0,other,0
1765,maze-event,37,harris,0.33636363636363636
1765,maze-event,64,trump,0.5818181818181818
1765,maze-event,9,other,0.08181818181818182
2441,spr-event,63,trump,0.6237623762376238
2441,spr-event,38,harris,0.37623762376237624
2441,spr-event,0,other,0
2230,spr-event,50,harris,0.5
2230,spr-event,50,trump,0.5
2230,spr-event,0,other,0
2552,event-spr,46,trump,0.4423076923076923
2552,event-spr,55,harris,0.5288461538461539
2552,event-spr,3,other,0.028846153846153848
2751,spr-event,24,trump,0.24489795918367346
2751,spr-event,74,harris,0.7551020408163265
2751,spr-event,0,other,0
2268,maze-event,26,harris,0.26
2268,maze-event,74,trump,0.74
2268,maze-event,0,other,0
2925,spr-event,84,harris,0.711864406779661
2925,spr-event,34,trump,0.288135593220339
2925,spr-event,0,other,0
1419,event-spr,49,harris,0.48514851485148514
1419,event-spr,50,trump,0.49504950495049505
1419,event-spr,2,other,0.019801980198019802
2860,spr-event,43,trump,0.44329896907216493
2860,spr-event,54,harris,0.5567010309278351
2860,spr-event,0,other,0
2479,maze-event,43,harris,0.43434343434343436
2479,maze-event,56,trump,0.5656565656565656
2479,maze-event,0,other,0
1730,spr-event,25,trump,0.3246753246753247
1730,spr-event,52,harris,0.6753246753246753
1730,spr-event,0,other,0
1532,spr-event,49,trump,0.5
1532,spr-event,49,harris,0.5
1532,spr-event,0,other,0
2152,spr-event,100,trump,1
2152,spr-event,0,harris,0
2152,spr-event,0,other,0
2044,maze-event,0,trump,0
2044,maze-event,100,harris,1
2044,maze-event,0,other,0
2220,spr-event,49,harris,0.5
2220,spr-event,49,trump,0.5
2220,spr-event,0,other,0
1749,event-maze,52,harris,0.5252525252525253
1749,event-maze,47,trump,0.47474747474747475
1749,event-maze,0,other,0
1696,maze-event,100,trump,1
1696,maze-event,0,harris,0
1696,maze-event,0,other,0
2913,maze-event,15,harris,0.1744186046511628
2913,maze-event,71,trump,0.8255813953488372
2913,maze-event,0,other,0
2264,spr-event,15,trump,0.15789473684210525
2264,spr-event,80,harris,0.8421052631578947
2264,spr-event,0,other,0
2399,event-spr,50,harris,0.5
2399,event-spr,50,trump,0.5
2399,event-spr,0,other,0
1774,spr-event,61,harris,0.6224489795918368
1774,spr-event,37,trump,0.37755102040816324
1774,spr-event,0,other,0
2116,event-maze,51,trump,0.5
2116,event-maze,51,harris,0.5
2116,event-maze,0,other,0
2090,maze-event,38,trump,0.3619047619047619
2090,maze-event,67,harris,0.638095238095238
2090,maze-event,0,other,0
2728,maze-event,50,trump,0.47619047619047616
2728,maze-event,55,harris,0.5238095238095238
2728,maze-event,0,other,0
2476,maze-event,44,trump,0.42718446601941745
2476,maze-event,59,harris,0.5728155339805825
2476,maze-event,0,other,0
2785,maze-event,49,trump,0.494949494949495
2785,maze-event,50,harris,0.5050505050505051
2785,maze-event,0,other,0
1468,event-spr,44,harris,0.43564356435643564
1468,event-spr,57,trump,0.5643564356435643
1468,event-spr,0,other,0
1757,event-spr,50,harris,0.5
1757,event-spr,50,trump,0.5
1757,event-spr,0,other,0
2029,spr-event,0,harris,0
2029,spr-event,100,trump,1
2029,spr-event,0,other,0
2500,maze-event,72,trump,0.75
2500,maze-event,24,harris,0.25
2500,maze-event,0,other,0
2965,event-spr,74,trump,0.7551020408163265
2965,event-spr,24,harris,0.24489795918367346
2965,event-spr,0,other,0
1493,spr-event,70,harris,0.660377358490566
1493,spr-event,9,trump,0.08490566037735849
1493,spr-event,27,other,0.25471698113207547
1901,spr-event,47,trump,0.47474747474747475
1901,spr-event,52,harris,0.5252525252525253
1901,spr-event,0,other,0
1728,event-spr,55,harris,0.55
1728,event-spr,45,trump,0.45
1728,event-spr,0,other,0
2547,maze-event,23,trump,0.1796875
2547,maze-event,97,harris,0.7578125
2547,maze-event,8,other,0.0625
1582,event-spr,50,trump,0.5
1582,event-spr,50,harris,0.5
1582,event-spr,0,other,0
2344,event-maze,51,trump,0.5
2344,event-maze,51,harris,0.5
2344,event-maze,0,other,0
1417,spr-event,49,harris,0.392
1417,spr-event,76,trump,0.608
1417,spr-event,0,other,0
1801,spr-event,52,harris,0.5252525252525253
1801,spr-event,47,trump,0.47474747474747475
1801,spr-event,0,other,0
1396,maze-event,51,harris,0.5151515151515151
1396,maze-event,47,trump,0.47474747474747475
1396,maze-event,1,other,0.010101010101010102
2565,spr-event,74,trump,0.7474747474747475
2565,spr-event,25,harris,0.25252525252525254
2565,spr-event,0,other,0
1907,spr-event,95,harris,0.9693877551020408
1907,spr-event,3,trump,0.030612244897959183
1907,spr-event,0,other,0
2129,event-spr,49,trump,0.5
2129,event-spr,49,harris,0.5
2129,event-spr,0,other,0
1589,spr-event,98,trump,0.98
1589,spr-event,2,harris,0.02
1589,spr-event,0,other,0
2149,event-spr,48,harris,0.4897959183673469
2149,event-spr,50,trump,0.5102040816326531
2149,event-spr,0,other,0
2790,maze-event,24,trump,0.22857142857142856
2790,maze-event,76,harris,0.7238095238095238
2790,maze-event,5,other,0.047619047619047616
2749,spr-event,74,harris,0.7628865979381443
2749,spr-event,20,trump,0.20618556701030927
2749,spr-event,3,other,0.030927835051546393
1571,maze-event,88,harris,0.8979591836734694
1571,maze-event,10,trump,0.10204081632653061
1571,maze-event,0,other,0
1573,maze-event,76,trump,0.5984251968503937
1573,maze-event,31,harris,0.2440944881889764
1573,maze-event,20,other,0.15748031496062992
1685,spr-event,74,harris,0.7184466019417476
1685,spr-event,11,trump,0.10679611650485436
1685,spr-event,18,other,0.17475728155339806
2170,spr-event,50,harris,0.49504950495049505
2170,spr-event,51,trump,0.504950495049505
2170,spr-event,0,other,0
2862,spr-event,0,trump,0
2862,spr-event,100,harris,1
2862,spr-event,0,other,0
2077,maze-event,38,harris,0.37623762376237624
2077,maze-event,63,trump,0.6237623762376238
2077,maze-event,0,other,0
1967,maze-event,70,harris,0.6730769230769231
1967,maze-event,34,trump,0.3269230769230769
1967,maze-event,0,other,0
1822,event-spr,63,trump,0.6494845360824743
1822,event-spr,34,harris,0.35051546391752575
1822,event-spr,0,other,0
1559,maze-event,45,trump,0.45454545454545453
1559,maze-event,54,harris,0.5454545454545454
1559,maze-event,0,other,0
2678,maze-event,97,harris,0.532967032967033
2678,maze-event,82,trump,0.45054945054945056
2678,maze-event,3,other,0.016483516483516484
2489,spr-event,100,harris,1
2489,spr-event,0,trump,0
2489,spr-event,0,other,0
1498,maze-event,50,trump,0.5
1498,maze-event,50,harris,0.5
1498,maze-event,0,other,0
2331,event-spr,52,harris,0.5148514851485149
2331,event-spr,49,trump,0.48514851485148514
2331,event-spr,0,other,0
2648,maze-event,100,trump,1
2648,maze-event,0,harris,0
2648,maze-event,0,other,0
1795,maze-event,61,harris,0.6224489795918368
1795,maze-event,37,trump,0.37755102040816324
1795,maze-event,0,other,0
2587,event-maze,10,harris,0.10101010101010101
2587,event-maze,89,trump,0.898989898989899
2587,event-maze,0,other,0
1458,spr-event,49,trump,0.494949494949495
1458,spr-event,50,harris,0.5050505050505051
1458,spr-event,0,other,0
2049,spr-event,7,harris,0.06666666666666667
2049,spr-event,98,trump,0.9333333333333333
2049,spr-event,0,other,0
1611,spr-event,25,trump,0.24752475247524752
1611,spr-event,76,harris,0.7524752475247525
1611,spr-event,0,other,0
1710,event-spr,65,harris,0.4642857142857143
1710,event-spr,64,trump,0.45714285714285713
1710,event-spr,11,other,0.07857142857142857
2795,event-maze,45,trump,0.45454545454545453
2795,event-maze,54,harris,0.5454545454545454
2795,event-maze,0,other,0
2868,event-spr,89,trump,0.8557692307692307
2868,event-spr,11,harris,0.10576923076923077
2868,event-spr,4,other,0.038461538461538464
2130,spr-event,62,harris,0.62
2130,spr-event,37,trump,0.37
2130,spr-event,1,other,0.01
1569,event-maze,75,trump,0.872093023255814
1569,event-maze,10,harris,0.11627906976744186
1569,event-maze,1,other,0.011627906976744186
1415,maze-event,50,harris,0.5
1415,maze-event,50,trump,0.5
1415,maze-event,0,other,0
1988,spr-event,40,harris,0.425531914893617
1988,spr-event,54,trump,0.574468085106383
1988,spr-event,0,other,0
2651,spr-event,51,trump,0.5257731958762887
2651,spr-event,46,harris,0.4742268041237113
2651,spr-event,0,other,0
2031,maze-event,48,trump,0.4897959183673469
2031,maze-event,50,harris,0.5102040816326531
2031,maze-event,0,other,0
1426,spr-event,5,trump,0.03676470588235294
1426,spr-event,84,harris,0.6176470588235294
1426,spr-event,47,other,0.34558823529411764
2811,maze-event,37,trump,0.3394495412844037
2811,maze-event,67,harris,0.6146788990825688
2811,maze-event,5,other,0.045871559633027525
2086,maze-event,75,trump,0.75
2086,maze-event,25,harris,0.25
2086,maze-event,0,other,0
2960,event-spr,45,trump,0.4411764705882353
2960,event-spr,57,harris,0.5588235294117647
2960,event-spr,0,other,0
1868,event-spr,49,harris,0.49
1868,event-spr,51,trump,0.51
1868,event-spr,0,other,0
2326,event-spr,24,trump,0.24489795918367346
2326,event-spr,74,harris,0.7551020408163265
2326,event-spr,0,other,0
2961,event-maze,55,harris,0.55
2961,event-maze,45,trump,0.45
2961,event-maze,0,other,0
1914,spr-event,50,trump,0.3333333333333333
1914,spr-event,50,harris,0.3333333333333333
1914,spr-event,50,other,0.3333333333333333
1697,event-spr,84,trump,0.6363636363636364
1697,event-spr,48,harris,0.36363636363636365
1697,event-spr,0,other,0
2106,event-spr,62,harris,0.6262626262626263
2106,event-spr,37,trump,0.37373737373737376
2106,event-spr,0,other,0
1557,spr-event,51,harris,0.504950495049505
1557,spr-event,50,trump,0.49504950495049505
1557,spr-event,0,other,0
1995,event-maze,37,trump,0.3627450980392157
1995,event-maze,65,harris,0.6372549019607843
1995,event-maze,0,other,0
1615,spr-event,49,harris,0.494949494949495
1615,spr-event,50,trump,0.5050505050505051
1615,spr-event,0,other,0
1793,maze-event,42,trump,0.4329896907216495
1793,maze-event,55,harris,0.5670103092783505
1793,maze-event,0,other,0
1815,spr-event,59,harris,0.6145833333333334
1815,spr-event,37,trump,0.3854166666666667
1815,spr-event,0,other,0
2606,maze-event,100,trump,0.6578947368421053
2606,maze-event,48,harris,0.3157894736842105
2606,maze-event,4,other,0.02631578947368421
1452,maze-event,54,harris,0.54
1452,maze-event,46,trump,0.46
1452,maze-event,0,other,0
1669,maze-event,49,trump,0.4016393442622951
1669,maze-event,73,harris,0.5983606557377049
1669,maze-event,0,other,0
2080,spr-event,49,trump,0.494949494949495
2080,spr-event,50,harris,0.5050505050505051
2080,spr-event,0,other,0
1716,event-spr,23,trump,0.23469387755102042
1716,event-spr,75,harris,0.7653061224489796
1716,event-spr,0,other,0
2585,event-spr,75,harris,0.75
2585,event-spr,25,trump,0.25
2585,event-spr,0,other,0
1603,event-spr,38,trump,0.3392857142857143
1603,event-spr,74,harris,0.6607142857142857
1603,event-spr,0,other,0
2368,maze-event,0,harris,0
2368,maze-event,100,trump,1
2368,maze-event,0,other,0
2444,event-spr,49,trump,0.49
2444,event-spr,51,harris,0.51
2444,event-spr,0,other,0
1700,spr-event,54,trump,0.35064935064935066
1700,spr-event,100,harris,0.6493506493506493
1700,spr-event,0,other,0
2636,maze-event,26,trump,0.23214285714285715
2636,maze-event,86,harris,0.7678571428571429
2636,maze-event,0,other,0
1655,spr-event,43,harris,0.43
1655,spr-event,57,trump,0.57
1655,spr-event,0,other,0
1689,event-spr,41,trump,0.41836734693877553
1689,event-spr,57,harris,0.5816326530612245
1689,event-spr,0,other,0
1667,maze-event,48,trump,0.48
1667,maze-event,46,harris,0.46
1667,maze-event,6,other,0.06
2276,event-spr,50,harris,0.5
2276,event-spr,50,trump,0.5
2276,event-spr,0,other,0
2713,maze-event,49,trump,0.494949494949495
2713,maze-event,50,harris,0.5050505050505051
2713,maze-event,0,other,0
2009,event-spr,36,harris,0.2647058823529412
2009,event-spr,100,trump,0.7352941176470589
2009,event-spr,0,other,0
1741,event-spr,83,harris,0.5496688741721855
1741,event-spr,59,trump,0.39072847682119205
1741,event-spr,9,other,0.059602649006622516
2328,maze-event,51,harris,0.4766355140186916
2328,maze-event,56,trump,0.5233644859813084
2328,maze-event,0,other,0
1739,maze-event,51,harris,0.49514563106796117
1739,maze-event,52,trump,0.5048543689320388
1739,maze-event,0,other,0
2295,spr-event,9,harris,0.08181818181818182
2295,spr-event,100,trump,0.9090909090909091
2295,spr-event,1,other,0.00909090909090909
1937,event-spr,24,trump,0.24242424242424243
1937,event-spr,75,harris,0.7575757575757576
1937,event-spr,0,other,0
2824,spr-event,50,harris,0.5
2824,spr-event,50,trump,0.5
2824,spr-event,0,other,0
1643,event-spr,88,harris,0.7394957983193278
1643,event-spr,31,trump,0.2605042016806723
1643,event-spr,0,other,0
2322,spr-event,91,harris,0.8584905660377359
2322,spr-event,15,trump,0.14150943396226415
2322,spr-event,0,other,0
1802,maze-event,25,trump,0.25
1802,maze-event,75,harris,0.75
1802,maze-event,0,other,0
1919,maze-event,100,trump,0.9615384615384616
1919,maze-event,3,harris,0.028846153846153848
1919,maze-event,1,other,0.009615384615384616
2789,spr-event,28,harris,0.2014388489208633
2789,spr-event,86,trump,0.6187050359712231
2789,spr-event,25,other,0.17985611510791366
2309,spr-event,75,trump,0.635593220338983
2309,spr-event,43,harris,0.3644067796610169
2309,spr-event,0,other,0
1601,spr-event,53,harris,0.53
1601,spr-event,45,trump,0.45
1601,spr-event,2,other,0.02
2234,spr-event,49,harris,0.5
2234,spr-event,49,trump,0.5
2234,spr-event,0,other,0
1512,spr-event,77,harris,0.5789473684210527
1512,spr-event,50,trump,0.37593984962406013
1512,spr-event,6,other,0.045112781954887216
1954,event-maze,3,harris,0.02702702702702703
1954,event-maze,100,trump,0.9009009009009009
1954,event-maze,8,other,0.07207207207207207
1786,event-spr,64,trump,0.6213592233009708
1786,event-spr,39,harris,0.3786407766990291
1786,event-spr,0,other,0
2808,spr-event,74,harris,0.4900662251655629
2808,spr-event,57,trump,0.37748344370860926
2808,spr-event,20,other,0.13245033112582782
1706,maze-event,63,harris,0.5575221238938053
1706,maze-event,47,trump,0.415929203539823
1706,maze-event,3,other,0.02654867256637168
2735,spr-event,0,harris,0
2735,spr-event,100,trump,1
2735,spr-event,0,other,0
2151,spr-event,60,trump,0.6060606060606061
2151,spr-event,39,harris,0.3939393939393939
2151,spr-event,0,other,0
1777,event-maze,74,trump,0.7551020408163265
1777,event-maze,24,harris,0.24489795918367346
1777,event-maze,0,other,0
1844,event-spr,75,harris,0.7575757575757576
1844,event-spr,24,trump,0.24242424242424243
1844,event-spr,0,other,0
1445,maze-event,52,trump,0.5416666666666666
1445,maze-event,44,harris,0.4583333333333333
1445,maze-event,0,other,0
2208,spr-event,58,harris,0.5523809523809524
2208,spr-event,47,trump,0.44761904761904764
2208,spr-event,0,other,0
2261,event-spr,24,harris,0.24489795918367346
2261,event-spr,74,trump,0.7551020408163265
2261,event-spr,0,other,0
1399,spr-event,45,harris,0.46875
1399,spr-event,51,trump,0.53125
1399,spr-event,0,other,0
1750,spr-event,43,harris,0.4056603773584906
1750,spr-event,63,trump,0.5943396226415094
1750,spr-event,0,other,0
1490,maze-event,0,trump,0
1490,maze-event,100,harris,1
1490,maze-event,0,other,0
2781,spr-event,45,trump,0.44554455445544555
2781,spr-event,56,harris,0.5544554455445545
2781,spr-event,0,other,0
2199,spr-event,70,trump,0.6086956521739131
2199,spr-event,42,harris,0.3652173913043478
2199,spr-event,3,other,0.02608695652173913
2931,spr-event,0,trump,0
2931,spr-event,100,harris,1
2931,spr-event,0,other,0
1631,maze-event,37,trump,0.3490566037735849
1631,maze-event,68,harris,0.6415094339622641
1631,maze-event,1,other,0.009433962264150943
2398,spr-event,54,trump,0.5567010309278351
2398,spr-event,43,harris,0.44329896907216493
2398,spr-event,0,other,0
1674,event-maze,0,harris,0
1674,event-maze,100,trump,1
1674,event-maze,0,other,0
1807,spr-event,48,trump,0.48
1807,spr-event,52,harris,0.52
1807,spr-event,0,other,0
1520,maze-event,74,trump,0.7474747474747475
1520,maze-event,25,harris,0.25252525252525254
1520,maze-event,0,other,0
1552,spr-event,77,harris,0.7475728155339806
1552,spr-event,26,trump,0.2524271844660194
1552,spr-event,0,other,0
1847,maze-event,24,trump,0.24242424242424243
1847,maze-event,75,harris,0.7575757575757576
1847,maze-event,0,other,0
2198,event-maze,50,trump,0.3875968992248062
2198,event-maze,72,harris,0.5581395348837209
2198,event-maze,7,other,0.05426356589147287
1863,maze-event,49,harris,0.5
1863,maze-event,49,trump,0.5
1863,maze-event,0,other,0
1722,spr-event,9,trump,0.09
1722,spr-event,91,harris,0.91
1722,spr-event,0,other,0
2159,maze-event,24,trump,0.24242424242424243
2159,maze-event,75,harris,0.7575757575757576
2159,maze-event,0,other,0
2819,maze-event,49,trump,0.5
2819,maze-event,49,harris,0.5
2819,maze-event,0,other,0
1734,spr-event,55,harris,0.5789473684210527
1734,spr-event,40,trump,0.42105263157894735
1734,spr-event,0,other,0
2902,spr-event,100,harris,1
2902,spr-event,0,trump,0
2902,spr-event,0,other,0
2574,maze-event,0,harris,0
2574,maze-event,100,trump,1
2574,maze-event,0,other,0
2320,event-spr,37,trump,0.37373737373737376
2320,event-spr,62,harris,0.6262626262626263
2320,event-spr,0,other,0
2972,maze-event,100,trump,1
2972,maze-event,0,harris,0
2972,maze-event,0,other,0
2709,maze-event,62,harris,0.3712574850299401
2709,maze-event,71,trump,0.4251497005988024
2709,maze-event,34,other,0.20359281437125748
2600,maze-event,55,trump,0.5188679245283019
2600,maze-event,50,harris,0.4716981132075472
2600,maze-event,1,other,0.009433962264150943
1389,spr-event,42,trump,0.3620689655172414
1389,spr-event,61,harris,0.5258620689655172
1389,spr-event,13,other,0.11206896551724138
2027,event-spr,48,trump,0.48484848484848486
2027,event-spr,51,harris,0.5151515151515151
2027,event-spr,0,other,0
2846,event-spr,3,harris,0.0297029702970297
2846,event-spr,98,trump,0.9702970297029703
2846,event-spr,0,other,0
1413,spr-event,77,harris,0.7549019607843137
1413,spr-event,25,trump,0.24509803921568626
1413,spr-event,0,other,0
2132,event-maze,67,trump,0.6203703703703703
2132,event-maze,41,harris,0.37962962962962965
2132,event-maze,0,other,0
2722,maze-event,100,harris,1
2722,maze-event,0,trump,0
2722,maze-event,0,other,0
2973,spr-event,43,harris,0.4215686274509804
2973,spr-event,59,trump,0.5784313725490197
2973,spr-event,0,other,0
1831,spr-event,79,trump,0.797979797979798
1831,spr-event,20,harris,0.20202020202020202
1831,spr-event,0,other,0
2161,event-maze,88,trump,0.5365853658536586
2161,event-maze,61,harris,0.3719512195121951
2161,event-maze,15,other,0.09146341463414634
2612,maze-event,100,harris,1
2612,maze-event,0,trump,0
2612,maze-event,0,other,0
2311,spr-event,75,trump,0.75
2311,spr-event,25,harris,0.25
2311,spr-event,0,other,0
2976,spr-event,90,trump,0.8823529411764706
2976,spr-event,11,harris,0.10784313725490197
2976,spr-event,1,other,0.00980392156862745
1633,maze-event,50,harris,0.3968253968253968
1633,maze-event,76,trump,0.6031746031746031
1633,maze-event,0,other,0
2762,spr-event,100,harris,0.9803921568627451
2762,spr-event,1,trump,0.00980392156862745
2762,spr-event,1,other,0.00980392156862745
1784,event-maze,42,trump,0.4158415841584158
1784,event-maze,59,harris,0.5841584158415841
1784,event-maze,0,other,0
1607,maze-event,65,harris,0.625
1607,maze-event,39,trump,0.375
1607,maze-event,0,other,0
1647,spr-event,50,trump,0.5050505050505051
1647,spr-event,49,harris,0.494949494949495
1647,spr-event,0,other,0
1818,maze-event,48,trump,0.48
1818,maze-event,52,harris,0.52
1818,maze-event,0,other,0
1486,spr-event,37,trump,0.37
1486,spr-event,63,harris,0.63
1486,spr-event,0,other,0
1813,spr-event,42,harris,0.4375
1813,spr-event,54,trump,0.5625
1813,spr-event,0,other,0
2827,maze-event,45,harris,0.46875
2827,maze-event,51,trump,0.53125
2827,maze-event,0,other,0
1391,event-maze,44,trump,0.44
1391,event-maze,55,harris,0.55
1391,event-maze,1,other,0.01
1628,event-spr,99,harris,0.99
1628,event-spr,1,trump,0.01
1628,event-spr,0,other,0
1992,spr-event,49,harris,0.494949494949495
1992,spr-event,50,trump,0.5050505050505051
1992,spr-event,0,other,0
1989,spr-event,24,trump,0.20168067226890757
1989,spr-event,95,harris,0.7983193277310925
1989,spr-event,0,other,0
1897,event-maze,50,harris,0.5
1897,event-maze,50,trump,0.5
1897,event-maze,0,other,0
2424,event-maze,1,trump,0.009900990099009901
2424,event-maze,100,harris,0.9900990099009901
2424,event-maze,0,other,0
2867,event-spr,38,trump,0.3247863247863248
2867,event-spr,79,harris,0.6752136752136753
2867,event-spr,0,other,0
2370,event-maze,74,harris,0.7708333333333334
2370,event-maze,22,trump,0.22916666666666666
2370,event-maze,0,other,0
2979,event-spr,99,trump,0.9801980198019802
2979,event-spr,1,harris,0.009900990099009901
2979,event-spr,1,other,0.009900990099009901
1879,spr-event,58,harris,0.6041666666666666
1879,spr-event,38,trump,0.3958333333333333
1879,spr-event,0,other,0
2754,spr-event,21,harris,0.15789473684210525
2754,spr-event,84,trump,0.631578947368421
2754,spr-event,28,other,0.21052631578947367
2863,maze-event,64,trump,0.5981308411214953
2863,maze-event,37,harris,0.34579439252336447
2863,maze-event,6,other,0.056074766355140186
2406,spr-event,63,harris,0.6237623762376238
2406,spr-event,38,trump,0.37623762376237624
2406,spr-event,0,other,0
1422,maze-event,54,harris,0.5454545454545454
1422,maze-event,45,trump,0.45454545454545453
1422,maze-event,0,other,0
2180,spr-event,100,harris,1
2180,spr-event,0,trump,0
2180,spr-event,0,other,0
2433,spr-event,70,trump,0.56
2433,spr-event,55,harris,0.44
2433,spr-event,0,other,0
1558,spr-event,47,trump,0.47474747474747475
1558,spr-event,52,harris,0.5252525252525253
1558,spr-event,0,other,0
2687,event-spr,50,harris,0.5
2687,event-spr,50,trump,0.5
2687,event-spr,0,other,0
1835,spr-event,75,harris,0.7653061224489796
1835,spr-event,23,trump,0.23469387755102042
1835,spr-event,0,other,0
2415,event-spr,36,trump,0.36
2415,event-spr,58,harris,0.58
2415,event-spr,6,other,0.06
2698,spr-event,51,harris,0.5151515151515151
2698,spr-event,48,trump,0.48484848484848486
2698,spr-event,0,other,0
1857,event-maze,67,trump,0.7052631578947368
1857,event-maze,28,harris,0.29473684210526313
1857,event-maze,0,other,0
2586,maze-event,78,trump,0.5064935064935064
2586,maze-event,45,harris,0.2922077922077922
2586,maze-event,31,other,0.2012987012987013
2037,spr-event,25,trump,0.25
2037,spr-event,74,harris,0.74
2037,spr-event,1,other,0.01
2096,maze-event,96,trump,0.9320388349514563
2096,maze-event,6,harris,0.05825242718446602
2096,maze-event,1,other,0.009708737864077669
2091,event-spr,63,harris,0.6176470588235294
2091,event-spr,39,trump,0.38235294117647056
2091,event-spr,0,other,0
2758,maze-event,49,trump,0.48514851485148514
2758,maze-event,52,harris,0.5148514851485149
2758,maze-event,0,other,0
2674,spr-event,24,harris,0.24742268041237114
2674,spr-event,73,trump,0.7525773195876289
2674,spr-event,0,other,0
1783,event-maze,49,trump,0.5
1783,event-maze,49,harris,0.5
1783,event-maze,0,other,0
2325,spr-event,79,harris,0.7523809523809524
2325,spr-event,26,trump,0.24761904761904763
2325,spr-event,0,other,0
2541,maze-event,0,harris,0
2541,maze-event,100,trump,1
2541,maze-event,0,other,0
1491,maze-event,49,harris,0.494949494949495
1491,maze-event,50,trump,0.5050505050505051
1491,maze-event,0,other,0
2172,spr-event,23,harris,0.20909090909090908
2172,spr-event,86,trump,0.7818181818181819
2172,spr-event,1,other,0.00909090909090909
2093,event-maze,48,trump,0.48484848484848486
2093,event-maze,51,harris,0.5151515151515151
2093,event-maze,0,other,0
2203,spr-event,52,harris,0.5148514851485149
2203,spr-event,49,trump,0.48514851485148514
2203,spr-event,0,other,0
1985,spr-event,49,trump,0.494949494949495
1985,spr-event,50,harris,0.5050505050505051
1985,spr-event,0,other,0
1958,event-maze,56,harris,0.5773195876288659
1958,event-maze,41,trump,0.422680412371134
1958,event-maze,0,other,0
2463,spr-event,52,harris,0.5306122448979592
2463,spr-event,46,trump,0.46938775510204084
2463,spr-event,0,other,0
2256,event-spr,25,trump,0.24752475247524752
2256,event-spr,76,harris,0.7524752475247525
2256,event-spr,0,other,0
2723,event-spr,47,trump,0.4845360824742268
2723,event-spr,50,harris,0.5154639175257731
2723,event-spr,0,other,0
2290,spr-event,50,harris,0.49504950495049505
2290,spr-event,51,trump,0.504950495049505
2290,spr-event,0,other,0
1542,maze-event,74,harris,0.7551020408163265
1542,maze-event,24,trump,0.24489795918367346
1542,maze-event,0,other,0
2148,event-spr,36,trump,0.375
2148,event-spr,60,harris,0.625
2148,event-spr,0,other,0
1887,event-spr,42,trump,0.4117647058823529
1887,event-spr,60,harris,0.5882352941176471
1887,event-spr,0,other,0
1416,event-spr,49,harris,0.5
1416,event-spr,49,trump,0.5
1416,event-spr,0,other,0
2103,spr-event,70,trump,0.7
2103,spr-event,26,harris,0.26
2103,spr-event,4,other,0.04
1497,spr-event,46,harris,0.46938775510204084
1497,spr-event,47,trump,0.47959183673469385
1497,spr-event,5,other,0.05102040816326531
2899,spr-event,24,harris,0.24242424242424243
2899,spr-event,75,trump,0.7575757575757576
2899,spr-event,0,other,0
1390,maze-event,51,trump,0.5
1390,maze-event,51,harris,0.5
1390,maze-event,0,other,0
2191,maze-event,46,trump,0.4339622641509434
2191,maze-event,57,harris,0.5377358490566038
2191,maze-event,3,other,0.02830188679245283
1564,event-spr,100,trump,0.5747126436781609
1564,event-spr,66,harris,0.3793103448275862
1564,event-spr,8,other,0.04597701149425287
1440,spr-event,91,harris,0.8921568627450981
1440,spr-event,11,trump,0.10784313725490197
1440,spr-event,0,other,0
2663,spr-event,63,trump,0.41721854304635764
2663,spr-event,87,harris,0.5761589403973509
2663,spr-event,1,other,0.006622516556291391
2769,spr-event,46,harris,0.46464646464646464
2769,spr-event,53,trump,0.5353535353535354
2769,spr-event,0,other,0
2890,spr-event,2,harris,0.0196078431372549
2890,spr-event,100,trump,0.9803921568627451
2890,spr-event,0,other,0
1648,spr-event,57,harris,0.5588235294117647
1648,spr-event,45,trump,0.4411764705882353
1648,spr-event,0,other,0
2655,event-spr,24,harris,0.22429906542056074
2655,event-spr,83,trump,0.7757009345794392
2655,event-spr,0,other,0
1963,event-spr,25,trump,0.24752475247524752
1963,event-spr,76,harris,0.7524752475247525
1963,event-spr,0,other,0
2671,maze-event,100,trump,0.9900990099009901
2671,maze-event,1,harris,0.009900990099009901
2671,maze-event,0,other,0
1660,spr-event,49,harris,0.494949494949495
1660,spr-event,50,trump,0.5050505050505051
1660,spr-event,0,other,0
2491,spr-event,100,harris,1
2491,spr-event,0,trump,0
2491,spr-event,0,other,0
2238,maze-event,12,harris,0.12121212121212122
2238,maze-event,87,trump,0.8787878787878788
2238,maze-event,0,other,0
2260,spr-event,50,harris,0.5050505050505051
2260,spr-event,49,trump,0.494949494949495
2260,spr-event,0,other,0
1970,spr-event,32,trump,0.32
1970,spr-event,68,harris,0.68
1970,spr-event,0,other,0
1986,maze-event,49,harris,0.5
1986,maze-event,49,trump,0.5
1986,maze-event,0,other,0
2418,spr-event,73,trump,0.7373737373737373
2418,spr-event,26,harris,0.26262626262626265
2418,spr-event,0,other,0
2873,event-spr,51,trump,0.5
2873,event-spr,51,harris,0.5
2873,event-spr,0,other,0
2062,maze-event,100,trump,1
2062,maze-event,0,harris,0
2062,maze-event,0,other,0
2768,event-spr,96,trump,1
2768,event-spr,0,harris,0
2768,event-spr,0,other,0
1896,event-maze,100,trump,1
1896,event-maze,0,harris,0
1896,event-maze,0,other,0
2810,spr-event,47,trump,0.47959183673469385
2810,spr-event,51,harris,0.5204081632653061
2810,spr-event,0,other,0
1917,spr-event,91,trump,0.8425925925925926
1917,spr-event,17,harris,0.1574074074074074
1917,spr-event,0,other,0
1511,maze-event,48,harris,0.48
1511,maze-event,52,trump,0.52
1511,maze-event,0,other,0
1461,maze-event,74,harris,0.7474747474747475
1461,maze-event,25,trump,0.25252525252525254
1461,maze-event,0,other,0
2053,spr-event,43,harris,0.4215686274509804
2053,spr-event,59,trump,0.5784313725490197
2053,spr-event,0,other,0
2545,spr-event,7,trump,0.06862745098039216
2545,spr-event,95,harris,0.9313725490196079
2545,spr-event,0,other,0
1738,spr-event,17,trump,0.17
1738,spr-event,83,harris,0.83
1738,spr-event,0,other,0
2750,spr-event,9,trump,0.09
2750,spr-event,91,harris,0.91
2750,spr-event,0,other,0
2560,event-maze,62,harris,0.6078431372549019
2560,event-maze,40,trump,0.39215686274509803
2560,event-maze,0,other,0
2603,event-maze,33,trump,0.3142857142857143
2603,event-maze,72,harris,0.6857142857142857
2603,event-maze,0,other,0
2622,spr-event,0,trump,0
2622,spr-event,100,harris,1
2622,spr-event,0,other,0
1544,event-spr,0,trump,0
1544,event-spr,100,harris,1
1544,event-spr,0,other,0
1723,spr-event,7,trump,0.07142857142857142
1723,spr-event,91,harris,0.9285714285714286
1723,spr-event,0,other,0
2030,event-maze,63,harris,0.5887850467289719
2030,event-maze,44,trump,0.411214953271028
2030,event-maze,0,other,0
1663,event-maze,24,harris,0.24242424242424243
1663,event-maze,75,trump,0.7575757575757576
1663,event-maze,0,other,0
2478,spr-event,75,harris,0.75
2478,spr-event,25,trump,0.25
2478,spr-event,0,other,0
1546,spr-event,37,harris,0.3592233009708738
1546,spr-event,66,trump,0.6407766990291263
1546,spr-event,0,other,0
2805,maze-event,43,harris,0.4056603773584906
2805,maze-event,63,trump,0.5943396226415094
2805,maze-event,0,other,0
1402,maze-event,48,trump,0.48484848484848486
1402,maze-event,51,harris,0.5151515151515151
1402,maze-event,0,other,0
2113,maze-event,53,harris,0.4953271028037383
2113,maze-event,47,trump,0.4392523364485981
2113,maze-event,7,other,0.06542056074766354
1515,event-maze,60,trump,0.594059405940594
1515,event-maze,41,harris,0.40594059405940597
1515,event-maze,0,other,0
1938,spr-event,51,harris,0.5
1938,spr-event,51,trump,0.5
1938,spr-event,0,other,0
1605,spr-event,100,trump,1
1605,spr-event,0,harris,0
1605,spr-event,0,other,0
1997,event-spr,8,harris,0.08080808080808081
1997,event-spr,91,trump,0.9191919191919192
1997,event-spr,0,other,0
2147,maze-event,25,harris,0.24752475247524752
2147,maze-event,76,trump,0.7524752475247525
2147,maze-event,0,other,0
1547,spr-event,87,harris,0.7631578947368421
1547,spr-event,24,trump,0.21052631578947367
1547,spr-event,3,other,0.02631578947368421
2675,spr-event,24,trump,0.24742268041237114
2675,spr-event,73,harris,0.7525773195876289
2675,spr-event,0,other,0
1900,maze-event,75,harris,0.7575757575757576
1900,maze-event,24,trump,0.24242424242424243
1900,maze-event,0,other,0
1990,spr-event,42,trump,0.42
1990,spr-event,58,harris,0.58
1990,spr-event,0,other,0
2171,maze-event,50,trump,0.5
2171,maze-event,50,harris,0.5
2171,maze-event,0,other,0
2919,event-maze,52,trump,0.5252525252525253
2919,event-maze,47,harris,0.47474747474747475
2919,event-maze,0,other,0
1523,event-spr,100,trump,1
1523,event-spr,0,harris,0
1523,event-spr,0,other,0
1686,event-maze,74,trump,0.5034013605442177
1686,event-maze,49,harris,0.3333333333333333
1686,event-maze,24,other,0.16326530612244897
2773,spr-event,50,trump,0.5
2773,spr-event,50,harris,0.5
2773,spr-event,0,other,0
2227,event-maze,48,harris,0.5
2227,event-maze,48,trump,0.5
2227,event-maze,0,other,0
1657,event-maze,0,harris,0
1657,event-maze,100,trump,0.9523809523809523
1657,event-maze,5,other,0.047619047619047616
1860,maze-event,38,harris,0.37623762376237624
1860,maze-event,63,trump,0.6237623762376238
1860,maze-event,0,other,0
2783,spr-event,88,trump,0.8888888888888888
2783,spr-event,10,harris,0.10101010101010101
2783,spr-event,1,other,0.010101010101010102
2757,spr-event,100,harris,0.6993006993006993
2757,spr-event,34,trump,0.23776223776223776
2757,spr-event,9,other,0.06293706293706294
1993,maze-event,76,trump,0.628099173553719
1993,maze-event,45,harris,0.371900826446281
1993,maze-event,0,other,0
2562,spr-event,55,trump,0.5729166666666666
2562,spr-event,41,harris,0.4270833333333333
2562,spr-event,0,other,0
1871,maze-event,25,harris,0.25
1871,maze-event,75,trump,0.75
1871,maze-event,0,other,0
2734,maze-event,100,harris,0.7936507936507936
2734,maze-event,26,trump,0.20634920634920634
2734,maze-event,0,other,0
2251,spr-event,39,trump,0.35454545454545455
2251,spr-event,68,harris,0.6181818181818182
2251,spr-event,3,other,0.02727272727272727
1517,maze-event,66,trump,0.6285714285714286
1517,maze-event,39,harris,0.37142857142857144
1517,maze-event,0,other,0
2426,event-maze,90,trump,0.8035714285714286
2426,event-maze,18,harris,0.16071428571428573
2426,event-maze,4,other,0.03571428571428571
2641,event-spr,87,trump,0.8787878787878788
2641,event-spr,12,harris,0.12121212121212122
2641,event-spr,0,other,0
2071,event-maze,84,trump,0.84
2071,event-maze,16,harris,0.16
2071,event-maze,0,other,0
1428,event-spr,37,harris,0.3627450980392157
1428,event-spr,65,trump,0.6372549019607843
1428,event-spr,0,other,0
2439,maze-event,46,harris,0.46
2439,maze-event,54,trump,0.54
2439,maze-event,0,other,0
1999,spr-event,87,trump,0.6304347826086957
1999,spr-event,16,harris,0.11594202898550725
1999,spr-event,35,other,0.2536231884057971
2003,maze-event,6,trump,0.05825242718446602
2003,maze-event,97,harris,0.941747572815534
2003,maze-event,0,other,0
2514,event-spr,46,harris,0.45098039215686275
2514,event-spr,56,trump,0.5490196078431373
2514,event-spr,0,other,0
2869,spr-event,0,harris,0
2869,spr-event,100,trump,0.6578947368421053
2869,spr-event,52,other,0.34210526315789475
2072,event-spr,19,trump,0.18446601941747573
2072,event-spr,84,harris,0.8155339805825242
2072,event-spr,0,other,0
1435,event-maze,67,trump,0.638095238095238
1435,event-maze,38,harris,0.3619047619047619
1435,event-maze,0,other,0
1719,spr-event,64,harris,0.6464646464646465
1719,spr-event,35,trump,0.35353535353535354
1719,spr-event,0,other,0
1473,spr-event,51,harris,0.51
1473,spr-event,49,trump,0.49
1473,spr-event,0,other,0
1763,maze-event,49,trump,0.5051546391752577
1763,maze-event,48,harris,0.4948453608247423
1763,maze-event,0,other,0
2955,spr-event,47,trump,0.4845360824742268
2955,spr-event,50,harris,0.5154639175257731
2955,spr-event,0,other,0
2752,maze-event,100,harris,0.9615384615384616
2752,maze-event,4,trump,0.038461538461538464
2752,maze-event,0,other,0
2796,spr-event,100,trump,0.9803921568627451
2796,spr-event,1,harris,0.00980392156862745
2796,spr-event,1,other,0.00980392156862745
1406,event-spr,60,harris,0.5882352941176471
1406,event-spr,42,trump,0.4117647058823529
1406,event-spr,0,other,0
2917,event-maze,56,trump,0.5894736842105263
2917,event-maze,39,harris,0.4105263157894737
2917,event-maze,0,other,0
1478,event-spr,51,trump,0.5151515151515151
1478,event-spr,48,harris,0.48484848484848486
1478,event-spr,0,other,0
2023,maze-event,65,harris,0.5909090909090909
2023,maze-event,42,trump,0.38181818181818183
2023,maze-event,3,other,0.02727272727272727
1587,event-spr,62,trump,0.6019417475728155
1587,event-spr,40,harris,0.3883495145631068
1587,event-spr,1,other,0.009708737864077669
2243,spr-event,38,trump,0.38
2243,spr-event,62,harris,0.62
2243,spr-event,0,other,0
2351,spr-event,49,trump,0.494949494949495
2351,spr-event,50,harris,0.5050505050505051
2351,spr-event,0,other,0
2249,spr-event,57,trump,0.5816326530612245
2249,spr-event,41,harris,0.41836734693877553
2249,spr-event,0,other,0
2349,event-maze,82,trump,0.6507936507936508
2349,event-maze,39,harris,0.30952380952380953
2349,event-maze,5,other,0.03968253968253968
1892,maze-event,44,harris,0.4536082474226804
1892,maze-event,53,trump,0.5463917525773195
1892,maze-event,0,other,0
2342,spr-event,27,trump,0.15
2342,spr-event,98,harris,0.5444444444444444
2342,spr-event,55,other,0.3055555555555556
2051,event-maze,100,harris,1
2051,event-maze,0,trump,0
2051,event-maze,0,other,0
1760,event-maze,74,harris,0.7474747474747475
1760,event-maze,25,trump,0.25252525252525254
1760,event-maze,0,other,0
1948,maze-event,49,trump,0.494949494949495
1948,maze-event,49,harris,0.494949494949495
1948,maze-event,1,other,0.010101010101010102
1776,event-maze,46,trump,0.45098039215686275
1776,event-maze,56,harris,0.5490196078431373
1776,event-maze,0,other,0
2957,event-spr,0,harris,0
2957,event-spr,100,trump,1
2957,event-spr,0,other,0
1882,spr-event,7,trump,0.06306306306306306
1882,spr-event,96,harris,0.8648648648648649
1882,spr-event,8,other,0.07207207207207207
1841,spr-event,92,trump,0.7419354838709677
1841,spr-event,24,harris,0.1935483870967742
1841,spr-event,8,other,0.06451612903225806
2294,spr-event,64,harris,0.6464646464646465
2294,spr-event,35,trump,0.35353535353535354
2294,spr-event,0,other,0
2045,event-maze,31,trump,0.3263157894736842
2045,event-maze,64,harris,0.6736842105263158
2045,event-maze,0,other,0
1555,spr-event,37,trump,0.3394495412844037
1555,spr-event,69,harris,0.6330275229357798
1555,spr-event,3,other,0.027522935779816515
2554,spr-event,50,harris,0.5
2554,spr-event,50,trump,0.5
2554,spr-event,0,other,0
1484,spr-event,48,trump,0.48484848484848486
1484,spr-event,51,harris,0.5151515151515151
1484,spr-event,0,other,0
2177,spr-event,47,harris,0.3333333333333333
2177,spr-event,84,trump,0.5957446808510638
2177,spr-event,10,other,0.07092198581560284
2657,spr-event,87,harris,0.7837837837837838
2657,spr-event,24,trump,0.21621621621621623
2657,spr-event,0,other,0
2385,maze-event,63,trump,0.75
2385,maze-event,21,harris,0.25
2385,maze-event,0,other,0
2379,event-spr,17,harris,0.1717171717171717
2379,event-spr,82,trump,0.8282828282828283
2379,event-spr,0,other,0
1824,spr-event,60,harris,0.5882352941176471
1824,spr-event,42,trump,0.4117647058823529
1824,spr-event,0,other,0
2688,spr-event,100,trump,1
2688,spr-event,0,harris,0
2688,spr-event,0,other,0
2190,maze-event,0,harris,0
2190,maze-event,100,trump,0.8
2190,maze-event,25,other,0.2
1910,spr-event,49,harris,0.49
1910,spr-event,51,trump,0.51
1910,spr-event,0,other,0
1888,maze-event,74,trump,0.7551020408163265
1888,maze-event,24,harris,0.24489795918367346
1888,maze-event,0,other,0
2633,maze-event,50,harris,0.5050505050505051
2633,maze-event,49,trump,0.494949494949495
2633,maze-event,0,other,0
2551,event-spr,77,trump,0.6015625
2551,event-spr,51,harris,0.3984375
2551,event-spr,0,other,0
2303,spr-event,55,harris,0.5392156862745098
2303,spr-event,47,trump,0.46078431372549017
2303,spr-event,0,other,0
2801,maze-event,37,trump,0.3627450980392157
2801,maze-event,65,harris,0.6372549019607843
2801,maze-event,0,other,0
2321,event-spr,59,harris,0.5784313725490197
2321,event-spr,43,trump,0.4215686274509804
2321,event-spr,0,other,0
1927,maze-event,53,trump,0.53
1927,maze-event,47,harris,0.47
1927,maze-event,0,other,0
2087,event-spr,48,trump,0.46601941747572817
2087,event-spr,49,harris,0.47572815533980584
2087,event-spr,6,other,0.05825242718446602
1425,spr-event,67,trump,0.5775862068965517
1425,spr-event,49,harris,0.4224137931034483
1425,spr-event,0,other,0
2040,event-spr,24,trump,0.24489795918367346
2040,event-spr,74,harris,0.7551020408163265
2040,event-spr,0,other,0
2277,spr-event,23,harris,0.23
2277,spr-event,77,trump,0.77
2277,spr-event,0,other,0
1928,event-maze,76,harris,0.7524752475247525
1928,event-maze,25,trump,0.24752475247524752
1928,event-maze,0,other,0
1960,event-spr,75,harris,0.6048387096774194
1960,event-spr,49,trump,0.3951612903225806
1960,event-spr,0,other,0
2634,maze-event,50,trump,0.5
2634,maze-event,50,harris,0.5
2634,maze-event,0,other,0
2123,maze-event,100,harris,1
2123,maze-event,0,trump,0
2123,maze-event,0,other,0
1893,maze-event,70,harris,0.46357615894039733
1893,maze-event,81,trump,0.5364238410596026
1893,maze-event,0,other,0
2753,event-maze,50,harris,0.5
2753,event-maze,50,trump,0.5
2753,event-maze,0,other,0
2118,maze-event,48,trump,0.42105263157894735
2118,maze-event,66,harris,0.5789473684210527
2118,maze-event,0,other,0
1794,spr-event,49,harris,0.5
1794,spr-event,49,trump,0.5
1794,spr-event,0,other,0
1886,spr-event,56,harris,0.5185185185185185
1886,spr-event,43,trump,0.39814814814814814
1886,spr-event,9,other,0.08333333333333333
2530,spr-event,76,trump,0.6333333333333333
2530,spr-event,40,harris,0.3333333333333333
2530,spr-event,4,other,0.03333333333333333
1479,spr-event,85,harris,0.6910569105691057
1479,spr-event,35,trump,0.2845528455284553
1479,spr-event,3,other,0.024390243902439025
1439,spr-event,35,harris,0.35353535353535354
1439,spr-event,63,trump,0.6363636363636364
1439,spr-event,1,other,0.010101010101010102
2949,spr-event,74,trump,0.7474747474747475
2949,spr-event,25,harris,0.25252525252525254
2949,spr-event,0,other,0
2481,spr-event,45,trump,0.45454545454545453
2481,spr-event,54,harris,0.5454545454545454
2481,spr-event,0,other,0
2255,event-spr,44,harris,0.37606837606837606
2255,event-spr,59,trump,0.5042735042735043
2255,event-spr,14,other,0.11965811965811966
2748,maze-event,39,trump,0.3939393939393939
2748,maze-event,60,harris,0.6060606060606061
2748,maze-event,0,other,0
