workerid,response,stimulus,condition,batch
3597,Writer is unsure,<p>Think about the writer of the sentences you read on the previous page. Who does the writer believe will be the US president in February 2025?</p></br>,event-spr,post
4906,Kamala Harris,<p>Think about the writer of the sentences you read on the previous page. Who does the writer believe will be the US president in February 2025?</p></br>,event-maze,post
4725,Kamala Harris,<p>Think about the writer of the sentences you read on the previous page. Who does the writer believe will be the US president in February 2025?</p></br>,event-spr,post
3522,Kamala Harris,<p>Think about the writer of the sentences you read on the previous page. Who does the writer believe will be the US president in February 2025?</p></br>,event-maze,post
3432,Writer is unsure,<p>Think about the writer of the sentences you read on the previous page. Who does the writer believe will be the US president in February 2025?</p></br>,event-spr,post
3327,Kamala Harris,<p>Think about the writer of the sentences you read on the previous page. Who does the writer believe will be the US president in February 2025?</p></br>,event-maze,post
3729,Kamala Harris,<p>Think about the writer of the sentences you read on the previous page. Who does the writer believe will be the US president in February 2025?</p></br>,event-maze,post
4671,Donald Trump,<p>Think about the writer of the sentences you read on the previous page. Who does the writer believe will be the US president in February 2025?</p></br>,event-maze,post
4484,Kamala Harris,<p>Think about the writer of the sentences you read on the previous page. Who does the writer believe will be the US president in February 2025?</p></br>,event-maze,post
4408,Kamala Harris,<p>Think about the writer of the sentences you read on the previous page. Who does the writer believe will be the US president in February 2025?</p></br>,event-spr,post
3986,Donald Trump,<p>Think about the writer of the sentences you read on the previous page. Who does the writer believe will be the US president in February 2025?</p></br>,event-spr,post
4237,Writer is unsure,<p>Think about the writer of the sentences you read on the previous page. Who does the writer believe will be the US president in February 2025?</p></br>,event-maze,post
3721,Writer is unsure,<p>Think about the writer of the sentences you read on the previous page. Who does the writer believe will be the US president in February 2025?</p></br>,event-spr,post
4246,Donald Trump,<p>Think about the writer of the sentences you read on the previous page. Who does the writer believe will be the US president in February 2025?</p></br>,event-maze,post
3307,Donald Trump,<p>Think about the writer of the sentences you read on the previous page. Who does the writer believe will be the US president in February 2025?</p></br>,event-spr,post
4897,Writer is unsure,<p>Think about the writer of the sentences you read on the previous page. Who does the writer believe will be the US president in February 2025?</p></br>,event-maze,post
4382,Kamala Harris,<p>Think about the writer of the sentences you read on the previous page. Who does the writer believe will be the US president in February 2025?</p></br>,event-spr,post
4254,Writer is unsure,<p>Think about the writer of the sentences you read on the previous page. Who does the writer believe will be the US president in February 2025?</p></br>,event-maze,post
3449,Donald Trump,<p>Think about the writer of the sentences you read on the previous page. Who does the writer believe will be the US president in February 2025?</p></br>,event-maze,post
4884,Writer is unsure,<p>Think about the writer of the sentences you read on the previous page. Who does the writer believe will be the US president in February 2025?</p></br>,event-spr,post
4795,Kamala Harris,<p>Think about the writer of the sentences you read on the previous page. Who does the writer believe will be the US president in February 2025?</p></br>,event-spr,post
4387,Kamala Harris,<p>Think about the writer of the sentences you read on the previous page. Who does the writer believe will be the US president in February 2025?</p></br>,event-spr,post
4065,Donald Trump,<p>Think about the writer of the sentences you read on the previous page. Who does the writer believe will be the US president in February 2025?</p></br>,event-spr,post
3855,Donald Trump,<p>Think about the writer of the sentences you read on the previous page. Who does the writer believe will be the US president in February 2025?</p></br>,event-spr,post
4451,Writer is unsure,<p>Think about the writer of the sentences you read on the previous page. Who does the writer believe will be the US president in February 2025?</p></br>,event-spr,post
3667,Kamala Harris,<p>Think about the writer of the sentences you read on the previous page. Who does the writer believe will be the US president in February 2025?</p></br>,event-maze,post
4252,Writer is unsure,<p>Think about the writer of the sentences you read on the previous page. Who does the writer believe will be the US president in February 2025?</p></br>,event-spr,post
4070,Writer is unsure,<p>Think about the writer of the sentences you read on the previous page. Who does the writer believe will be the US president in February 2025?</p></br>,event-spr,post
3694,Kamala Harris,<p>Think about the writer of the sentences you read on the previous page. Who does the writer believe will be the US president in February 2025?</p></br>,event-spr,post
3781,Kamala Harris,<p>Think about the writer of the sentences you read on the previous page. Who does the writer believe will be the US president in February 2025?</p></br>,event-maze,post
3916,Kamala Harris,<p>Think about the writer of the sentences you read on the previous page. Who does the writer believe will be the US president in February 2025?</p></br>,event-spr,post
4657,Writer is unsure,<p>Think about the writer of the sentences you read on the previous page. Who does the writer believe will be the US president in February 2025?</p></br>,event-spr,post
4059,Donald Trump,<p>Think about the writer of the sentences you read on the previous page. Who does the writer believe will be the US president in February 2025?</p></br>,event-spr,post
4179,Writer is unsure,<p>Think about the writer of the sentences you read on the previous page. Who does the writer believe will be the US president in February 2025?</p></br>,event-spr,post
4898,Writer is unsure,<p>Think about the writer of the sentences you read on the previous page. Who does the writer believe will be the US president in February 2025?</p></br>,event-spr,post
3304,Donald Trump,<p>Think about the writer of the sentences you read on the previous page. Who does the writer believe will be the US president in February 2025?</p></br>,event-spr,post
3516,Kamala Harris,<p>Think about the writer of the sentences you read on the previous page. Who does the writer believe will be the US president in February 2025?</p></br>,event-maze,post
4273,Kamala Harris,<p>Think about the writer of the sentences you read on the previous page. Who does the writer believe will be the US president in February 2025?</p></br>,event-spr,post
4307,Kamala Harris,<p>Think about the writer of the sentences you read on the previous page. Who does the writer believe will be the US president in February 2025?</p></br>,event-spr,post
4202,Kamala Harris,<p>Think about the writer of the sentences you read on the previous page. Who does the writer believe will be the US president in February 2025?</p></br>,event-maze,post
4843,Kamala Harris,<p>Think about the writer of the sentences you read on the previous page. Who does the writer believe will be the US president in February 2025?</p></br>,event-spr,post
3649,Donald Trump,<p>Think about the writer of the sentences you read on the previous page. Who does the writer believe will be the US president in February 2025?</p></br>,event-spr,post
4178,Writer is unsure,<p>Think about the writer of the sentences you read on the previous page. Who does the writer believe will be the US president in February 2025?</p></br>,event-spr,post
3794,Writer is unsure,<p>Think about the writer of the sentences you read on the previous page. Who does the writer believe will be the US president in February 2025?</p></br>,event-spr,post
3743,Kamala Harris,<p>Think about the writer of the sentences you read on the previous page. Who does the writer believe will be the US president in February 2025?</p></br>,event-spr,post
3355,Donald Trump,<p>Think about the writer of the sentences you read on the previous page. Who does the writer believe will be the US president in February 2025?</p></br>,event-spr,post
4467,Kamala Harris,<p>Think about the writer of the sentences you read on the previous page. Who does the writer believe will be the US president in February 2025?</p></br>,event-spr,post
3947,Kamala Harris,<p>Think about the writer of the sentences you read on the previous page. Who does the writer believe will be the US president in February 2025?</p></br>,event-maze,post
3277,Donald Trump,<p>Think about the writer of the sentences you read on the previous page. Who does the writer believe will be the US president in February 2025?</p></br>,event-maze,post
3913,Writer is unsure,<p>Think about the writer of the sentences you read on the previous page. Who does the writer believe will be the US president in February 2025?</p></br>,event-spr,post
4313,Kamala Harris,<p>Think about the writer of the sentences you read on the previous page. Who does the writer believe will be the US president in February 2025?</p></br>,event-maze,post
3420,Writer is unsure,<p>Think about the writer of the sentences you read on the previous page. Who does the writer believe will be the US president in February 2025?</p></br>,event-spr,post
4221,Writer is unsure,<p>Think about the writer of the sentences you read on the previous page. Who does the writer believe will be the US president in February 2025?</p></br>,event-spr,post
3371,Donald Trump,<p>Think about the writer of the sentences you read on the previous page. Who does the writer believe will be the US president in February 2025?</p></br>,event-maze,post
4555,Donald Trump,<p>Think about the writer of the sentences you read on the previous page. Who does the writer believe will be the US president in February 2025?</p></br>,event-spr,post
3440,Donald Trump,<p>Think about the writer of the sentences you read on the previous page. Who does the writer believe will be the US president in February 2025?</p></br>,event-spr,post
4384,Donald Trump,<p>Think about the writer of the sentences you read on the previous page. Who does the writer believe will be the US president in February 2025?</p></br>,event-spr,post
4153,Kamala Harris,<p>Think about the writer of the sentences you read on the previous page. Who does the writer believe will be the US president in February 2025?</p></br>,event-maze,post
4430,Kamala Harris,<p>Think about the writer of the sentences you read on the previous page. Who does the writer believe will be the US president in February 2025?</p></br>,event-maze,post
3664,Kamala Harris,<p>Think about the writer of the sentences you read on the previous page. Who does the writer believe will be the US president in February 2025?</p></br>,event-maze,post
3517,Donald Trump,<p>Think about the writer of the sentences you read on the previous page. Who does the writer believe will be the US president in February 2025?</p></br>,event-spr,post
4444,Donald Trump,<p>Think about the writer of the sentences you read on the previous page. Who does the writer believe will be the US president in February 2025?</p></br>,event-maze,post
4913,Donald Trump,<p>Think about the writer of the sentences you read on the previous page. Who does the writer believe will be the US president in February 2025?</p></br>,event-maze,post
4381,Donald Trump,<p>Think about the writer of the sentences you read on the previous page. Who does the writer believe will be the US president in February 2025?</p></br>,event-spr,post
4028,Writer is unsure,<p>Think about the writer of the sentences you read on the previous page. Who does the writer believe will be the US president in February 2025?</p></br>,event-spr,post
3309,Donald Trump,<p>Think about the writer of the sentences you read on the previous page. Who does the writer believe will be the US president in February 2025?</p></br>,event-spr,post
3765,Donald Trump,<p>Think about the writer of the sentences you read on the previous page. Who does the writer believe will be the US president in February 2025?</p></br>,event-spr,post
4124,Writer is unsure,<p>Think about the writer of the sentences you read on the previous page. Who does the writer believe will be the US president in February 2025?</p></br>,event-maze,post
4201,Kamala Harris,<p>Think about the writer of the sentences you read on the previous page. Who does the writer believe will be the US president in February 2025?</p></br>,event-maze,post
3742,Writer is unsure,<p>Think about the writer of the sentences you read on the previous page. Who does the writer believe will be the US president in February 2025?</p></br>,event-spr,post
4838,Kamala Harris,<p>Think about the writer of the sentences you read on the previous page. Who does the writer believe will be the US president in February 2025?</p></br>,event-maze,post
3821,Kamala Harris,<p>Think about the writer of the sentences you read on the previous page. Who does the writer believe will be the US president in February 2025?</p></br>,event-spr,post
3350,Kamala Harris,<p>Think about the writer of the sentences you read on the previous page. Who does the writer believe will be the US president in February 2025?</p></br>,event-spr,post
3390,Writer is unsure,<p>Think about the writer of the sentences you read on the previous page. Who does the writer believe will be the US president in February 2025?</p></br>,event-spr,post
4011,Donald Trump,<p>Think about the writer of the sentences you read on the previous page. Who does the writer believe will be the US president in February 2025?</p></br>,event-maze,post
3334,Writer is unsure,<p>Think about the writer of the sentences you read on the previous page. Who does the writer believe will be the US president in February 2025?</p></br>,event-spr,post
3918,Kamala Harris,<p>Think about the writer of the sentences you read on the previous page. Who does the writer believe will be the US president in February 2025?</p></br>,event-spr,post
3808,Writer is unsure,<p>Think about the writer of the sentences you read on the previous page. Who does the writer believe will be the US president in February 2025?</p></br>,event-spr,post
3510,Kamala Harris,<p>Think about the writer of the sentences you read on the previous page. Who does the writer believe will be the US president in February 2025?</p></br>,event-spr,post
3964,Writer is unsure,<p>Think about the writer of the sentences you read on the previous page. Who does the writer believe will be the US president in February 2025?</p></br>,event-spr,post
4173,Donald Trump,<p>Think about the writer of the sentences you read on the previous page. Who does the writer believe will be the US president in February 2025?</p></br>,event-spr,post
3679,Donald Trump,<p>Think about the writer of the sentences you read on the previous page. Who does the writer believe will be the US president in February 2025?</p></br>,event-spr,post
4934,Donald Trump,<p>Think about the writer of the sentences you read on the previous page. Who does the writer believe will be the US president in February 2025?</p></br>,event-spr,post
3988,Donald Trump,<p>Think about the writer of the sentences you read on the previous page. Who does the writer believe will be the US president in February 2025?</p></br>,event-spr,post
4078,Kamala Harris,<p>Think about the writer of the sentences you read on the previous page. Who does the writer believe will be the US president in February 2025?</p></br>,event-spr,post
3728,Writer is unsure,<p>Think about the writer of the sentences you read on the previous page. Who does the writer believe will be the US president in February 2025?</p></br>,event-spr,post
3526,Kamala Harris,<p>Think about the writer of the sentences you read on the previous page. Who does the writer believe will be the US president in February 2025?</p></br>,event-maze,post
3462,Writer is unsure,<p>Think about the writer of the sentences you read on the previous page. Who does the writer believe will be the US president in February 2025?</p></br>,event-maze,post
4562,Writer is unsure,<p>Think about the writer of the sentences you read on the previous page. Who does the writer believe will be the US president in February 2025?</p></br>,event-spr,post
4046,Donald Trump,<p>Think about the writer of the sentences you read on the previous page. Who does the writer believe will be the US president in February 2025?</p></br>,event-spr,post
3447,Kamala Harris,<p>Think about the writer of the sentences you read on the previous page. Who does the writer believe will be the US president in February 2025?</p></br>,event-maze,post
4480,Writer is unsure,<p>Think about the writer of the sentences you read on the previous page. Who does the writer believe will be the US president in February 2025?</p></br>,event-spr,post
4048,Writer is unsure,<p>Think about the writer of the sentences you read on the previous page. Who does the writer believe will be the US president in February 2025?</p></br>,event-maze,post
4900,Kamala Harris,<p>Think about the writer of the sentences you read on the previous page. Who does the writer believe will be the US president in February 2025?</p></br>,event-spr,post
3425,Kamala Harris,<p>Think about the writer of the sentences you read on the previous page. Who does the writer believe will be the US president in February 2025?</p></br>,event-spr,post
3799,Kamala Harris,<p>Think about the writer of the sentences you read on the previous page. Who does the writer believe will be the US president in February 2025?</p></br>,event-maze,post
4261,Kamala Harris,<p>Think about the writer of the sentences you read on the previous page. Who does the writer believe will be the US president in February 2025?</p></br>,event-spr,post
3962,Writer is unsure,<p>Think about the writer of the sentences you read on the previous page. Who does the writer believe will be the US president in February 2025?</p></br>,event-maze,post
4533,Kamala Harris,<p>Think about the writer of the sentences you read on the previous page. Who does the writer believe will be the US president in February 2025?</p></br>,event-maze,post
4878,Kamala Harris,<p>Think about the writer of the sentences you read on the previous page. Who does the writer believe will be the US president in February 2025?</p></br>,event-maze,post
3650,Kamala Harris,<p>Think about the writer of the sentences you read on the previous page. Who does the writer believe will be the US president in February 2025?</p></br>,event-maze,post
4908,Kamala Harris,<p>Think about the writer of the sentences you read on the previous page. Who does the writer believe will be the US president in February 2025?</p></br>,event-maze,post
4300,Donald Trump,<p>Think about the writer of the sentences you read on the previous page. Who does the writer believe will be the US president in February 2025?</p></br>,event-spr,post
4679,Kamala Harris,<p>Think about the writer of the sentences you read on the previous page. Who does the writer believe will be the US president in February 2025?</p></br>,event-maze,post
4628,Writer is unsure,<p>Think about the writer of the sentences you read on the previous page. Who does the writer believe will be the US president in February 2025?</p></br>,event-maze,post
4068,Kamala Harris,<p>Think about the writer of the sentences you read on the previous page. Who does the writer believe will be the US president in February 2025?</p></br>,event-spr,post
4383,Writer is unsure,<p>Think about the writer of the sentences you read on the previous page. Who does the writer believe will be the US president in February 2025?</p></br>,event-spr,post
4782,Writer is unsure,<p>Think about the writer of the sentences you read on the previous page. Who does the writer believe will be the US president in February 2025?</p></br>,event-maze,post
4175,Writer is unsure,<p>Think about the writer of the sentences you read on the previous page. Who does the writer believe will be the US president in February 2025?</p></br>,event-maze,post
3858,Kamala Harris,<p>Think about the writer of the sentences you read on the previous page. Who does the writer believe will be the US president in February 2025?</p></br>,event-maze,post
4135,Writer is unsure,<p>Think about the writer of the sentences you read on the previous page. Who does the writer believe will be the US president in February 2025?</p></br>,event-spr,post
3985,Writer is unsure,<p>Think about the writer of the sentences you read on the previous page. Who does the writer believe will be the US president in February 2025?</p></br>,event-spr,post
4390,Kamala Harris,<p>Think about the writer of the sentences you read on the previous page. Who does the writer believe will be the US president in February 2025?</p></br>,event-maze,post
3410,Kamala Harris,<p>Think about the writer of the sentences you read on the previous page. Who does the writer believe will be the US president in February 2025?</p></br>,event-spr,post
3926,Writer is unsure,<p>Think about the writer of the sentences you read on the previous page. Who does the writer believe will be the US president in February 2025?</p></br>,event-spr,post
3991,Donald Trump,<p>Think about the writer of the sentences you read on the previous page. Who does the writer believe will be the US president in February 2025?</p></br>,event-maze,post
3418,Donald Trump,<p>Think about the writer of the sentences you read on the previous page. Who does the writer believe will be the US president in February 2025?</p></br>,event-maze,post
4853,Kamala Harris,<p>Think about the writer of the sentences you read on the previous page. Who does the writer believe will be the US president in February 2025?</p></br>,event-maze,post
3550,Writer is unsure,<p>Think about the writer of the sentences you read on the previous page. Who does the writer believe will be the US president in February 2025?</p></br>,event-spr,post
3514,Donald Trump,<p>Think about the writer of the sentences you read on the previous page. Who does the writer believe will be the US president in February 2025?</p></br>,event-maze,post
4210,Kamala Harris,<p>Think about the writer of the sentences you read on the previous page. Who does the writer believe will be the US president in February 2025?</p></br>,event-spr,post
4566,Kamala Harris,<p>Think about the writer of the sentences you read on the previous page. Who does the writer believe will be the US president in February 2025?</p></br>,event-spr,post
4442,Kamala Harris,<p>Think about the writer of the sentences you read on the previous page. Who does the writer believe will be the US president in February 2025?</p></br>,event-maze,post
4400,Kamala Harris,<p>Think about the writer of the sentences you read on the previous page. Who does the writer believe will be the US president in February 2025?</p></br>,event-spr,post
3511,Donald Trump,<p>Think about the writer of the sentences you read on the previous page. Who does the writer believe will be the US president in February 2025?</p></br>,event-maze,post
3465,Kamala Harris,<p>Think about the writer of the sentences you read on the previous page. Who does the writer believe will be the US president in February 2025?</p></br>,event-spr,post
4205,Writer is unsure,<p>Think about the writer of the sentences you read on the previous page. Who does the writer believe will be the US president in February 2025?</p></br>,event-spr,post
4393,Kamala Harris,<p>Think about the writer of the sentences you read on the previous page. Who does the writer believe will be the US president in February 2025?</p></br>,event-spr,post
4338,Writer is unsure,<p>Think about the writer of the sentences you read on the previous page. Who does the writer believe will be the US president in February 2025?</p></br>,event-spr,post
4268,Kamala Harris,<p>Think about the writer of the sentences you read on the previous page. Who does the writer believe will be the US president in February 2025?</p></br>,event-spr,post
3616,Kamala Harris,<p>Think about the writer of the sentences you read on the previous page. Who does the writer believe will be the US president in February 2025?</p></br>,event-maze,post
3684,Writer is unsure,<p>Think about the writer of the sentences you read on the previous page. Who does the writer believe will be the US president in February 2025?</p></br>,event-spr,post
4457,Donald Trump,<p>Think about the writer of the sentences you read on the previous page. Who does the writer believe will be the US president in February 2025?</p></br>,event-spr,post
4435,Writer is unsure,<p>Think about the writer of the sentences you read on the previous page. Who does the writer believe will be the US president in February 2025?</p></br>,event-spr,post
3639,Donald Trump,<p>Think about the writer of the sentences you read on the previous page. Who does the writer believe will be the US president in February 2025?</p></br>,event-spr,post
4257,Kamala Harris,<p>Think about the writer of the sentences you read on the previous page. Who does the writer believe will be the US president in February 2025?</p></br>,event-maze,post
3413,Writer is unsure,<p>Think about the writer of the sentences you read on the previous page. Who does the writer believe will be the US president in February 2025?</p></br>,event-spr,post
3923,Kamala Harris,<p>Think about the writer of the sentences you read on the previous page. Who does the writer believe will be the US president in February 2025?</p></br>,event-spr,post
4160,Kamala Harris,<p>Think about the writer of the sentences you read on the previous page. Who does the writer believe will be the US president in February 2025?</p></br>,event-spr,post
4475,Kamala Harris,<p>Think about the writer of the sentences you read on the previous page. Who does the writer believe will be the US president in February 2025?</p></br>,event-maze,post
3402,Kamala Harris,<p>Think about the writer of the sentences you read on the previous page. Who does the writer believe will be the US president in February 2025?</p></br>,event-spr,post
4398,Donald Trump,<p>Think about the writer of the sentences you read on the previous page. Who does the writer believe will be the US president in February 2025?</p></br>,event-maze,post
4392,Kamala Harris,<p>Think about the writer of the sentences you read on the previous page. Who does the writer believe will be the US president in February 2025?</p></br>,event-spr,post
4865,Kamala Harris,<p>Think about the writer of the sentences you read on the previous page. Who does the writer believe will be the US president in February 2025?</p></br>,event-maze,post
4098,Writer is unsure,<p>Think about the writer of the sentences you read on the previous page. Who does the writer believe will be the US president in February 2025?</p></br>,event-spr,post
4664,Donald Trump,<p>Think about the writer of the sentences you read on the previous page. Who does the writer believe will be the US president in February 2025?</p></br>,event-maze,post
4656,Writer is unsure,<p>Think about the writer of the sentences you read on the previous page. Who does the writer believe will be the US president in February 2025?</p></br>,event-maze,post
4158,Writer is unsure,<p>Think about the writer of the sentences you read on the previous page. Who does the writer believe will be the US president in February 2025?</p></br>,event-spr,post
4359,Writer is unsure,<p>Think about the writer of the sentences you read on the previous page. Who does the writer believe will be the US president in February 2025?</p></br>,event-maze,post
3561,Kamala Harris,<p>Think about the writer of the sentences you read on the previous page. Who does the writer believe will be the US president in February 2025?</p></br>,event-spr,post
3502,Kamala Harris,<p>Think about the writer of the sentences you read on the previous page. Who does the writer believe will be the US president in February 2025?</p></br>,event-maze,post
3941,Donald Trump,<p>Think about the writer of the sentences you read on the previous page. Who does the writer believe will be the US president in February 2025?</p></br>,event-maze,post
3812,Kamala Harris,<p>Think about the writer of the sentences you read on the previous page. Who does the writer believe will be the US president in February 2025?</p></br>,event-maze,post
3430,Writer is unsure,<p>Think about the writer of the sentences you read on the previous page. Who does the writer believe will be the US president in February 2025?</p></br>,event-spr,post
4534,Kamala Harris,<p>Think about the writer of the sentences you read on the previous page. Who does the writer believe will be the US president in February 2025?</p></br>,event-maze,post
4096,Kamala Harris,<p>Think about the writer of the sentences you read on the previous page. Who does the writer believe will be the US president in February 2025?</p></br>,event-spr,post
4129,Donald Trump,<p>Think about the writer of the sentences you read on the previous page. Who does the writer believe will be the US president in February 2025?</p></br>,event-maze,post
3400,Writer is unsure,<p>Think about the writer of the sentences you read on the previous page. Who does the writer believe will be the US president in February 2025?</p></br>,event-maze,post
4665,Kamala Harris,<p>Think about the writer of the sentences you read on the previous page. Who does the writer believe will be the US president in February 2025?</p></br>,event-maze,post
3790,Kamala Harris,<p>Think about the writer of the sentences you read on the previous page. Who does the writer believe will be the US president in February 2025?</p></br>,event-spr,post
3509,Donald Trump,<p>Think about the writer of the sentences you read on the previous page. Who does the writer believe will be the US president in February 2025?</p></br>,event-maze,post
4298,Donald Trump,<p>Think about the writer of the sentences you read on the previous page. Who does the writer believe will be the US president in February 2025?</p></br>,event-maze,post
3893,Writer is unsure,<p>Think about the writer of the sentences you read on the previous page. Who does the writer believe will be the US president in February 2025?</p></br>,event-maze,post
3773,Kamala Harris,<p>Think about the writer of the sentences you read on the previous page. Who does the writer believe will be the US president in February 2025?</p></br>,event-spr,post
4837,Donald Trump,<p>Think about the writer of the sentences you read on the previous page. Who does the writer believe will be the US president in February 2025?</p></br>,event-spr,post
3451,Kamala Harris,<p>Think about the writer of the sentences you read on the previous page. Who does the writer believe will be the US president in February 2025?</p></br>,event-maze,post
4830,Kamala Harris,<p>Think about the writer of the sentences you read on the previous page. Who does the writer believe will be the US president in February 2025?</p></br>,event-maze,post
3971,Kamala Harris,<p>Think about the writer of the sentences you read on the previous page. Who does the writer believe will be the US president in February 2025?</p></br>,event-spr,post
3525,Writer is unsure,<p>Think about the writer of the sentences you read on the previous page. Who does the writer believe will be the US president in February 2025?</p></br>,event-spr,post
4364,Writer is unsure,<p>Think about the writer of the sentences you read on the previous page. Who does the writer believe will be the US president in February 2025?</p></br>,event-spr,post
4017,Donald Trump,<p>Think about the writer of the sentences you read on the previous page. Who does the writer believe will be the US president in February 2025?</p></br>,event-spr,post
4802,Kamala Harris,<p>Think about the writer of the sentences you read on the previous page. Who does the writer believe will be the US president in February 2025?</p></br>,event-maze,post
3518,Writer is unsure,<p>Think about the writer of the sentences you read on the previous page. Who does the writer believe will be the US president in February 2025?</p></br>,event-maze,post
4013,Writer is unsure,<p>Think about the writer of the sentences you read on the previous page. Who does the writer believe will be the US president in February 2025?</p></br>,event-maze,post
3876,Kamala Harris,<p>Think about the writer of the sentences you read on the previous page. Who does the writer believe will be the US president in February 2025?</p></br>,event-maze,post
4537,Writer is unsure,<p>Think about the writer of the sentences you read on the previous page. Who does the writer believe will be the US president in February 2025?</p></br>,event-maze,post
3501,Kamala Harris,<p>Think about the writer of the sentences you read on the previous page. Who does the writer believe will be the US president in February 2025?</p></br>,event-spr,post
4786,Writer is unsure,<p>Think about the writer of the sentences you read on the previous page. Who does the writer believe will be the US president in February 2025?</p></br>,event-maze,post
3982,Kamala Harris,<p>Think about the writer of the sentences you read on the previous page. Who does the writer believe will be the US president in February 2025?</p></br>,event-spr,post
4197,Writer is unsure,<p>Think about the writer of the sentences you read on the previous page. Who does the writer believe will be the US president in February 2025?</p></br>,event-spr,post
3404,Writer is unsure,<p>Think about the writer of the sentences you read on the previous page. Who does the writer believe will be the US president in February 2025?</p></br>,event-maze,post
4616,Kamala Harris,<p>Think about the writer of the sentences you read on the previous page. Who does the writer believe will be the US president in February 2025?</p></br>,event-spr,post
4325,Donald Trump,<p>Think about the writer of the sentences you read on the previous page. Who does the writer believe will be the US president in February 2025?</p></br>,event-spr,post
4036,Writer is unsure,<p>Think about the writer of the sentences you read on the previous page. Who does the writer believe will be the US president in February 2025?</p></br>,event-maze,post
3285,Kamala Harris,<p>Think about the writer of the sentences you read on the previous page. Who does the writer believe will be the US president in February 2025?</p></br>,event-spr,post
3346,Kamala Harris,<p>Think about the writer of the sentences you read on the previous page. Who does the writer believe will be the US president in February 2025?</p></br>,event-spr,post
3641,Kamala Harris,<p>Think about the writer of the sentences you read on the previous page. Who does the writer believe will be the US president in February 2025?</p></br>,event-spr,post
3626,Writer is unsure,<p>Think about the writer of the sentences you read on the previous page. Who does the writer believe will be the US president in February 2025?</p></br>,event-spr,post
3853,Kamala Harris,<p>Think about the writer of the sentences you read on the previous page. Who does the writer believe will be the US president in February 2025?</p></br>,event-maze,post
4698,Kamala Harris,<p>Think about the writer of the sentences you read on the previous page. Who does the writer believe will be the US president in February 2025?</p></br>,event-spr,post
3687,Kamala Harris,<p>Think about the writer of the sentences you read on the previous page. Who does the writer believe will be the US president in February 2025?</p></br>,event-spr,post
4495,Donald Trump,<p>Think about the writer of the sentences you read on the previous page. Who does the writer believe will be the US president in February 2025?</p></br>,event-maze,post
4820,Writer is unsure,<p>Think about the writer of the sentences you read on the previous page. Who does the writer believe will be the US president in February 2025?</p></br>,event-spr,post
3268,Writer is unsure,<p>Think about the writer of the sentences you read on the previous page. Who does the writer believe will be the US president in February 2025?</p></br>,event-spr,post
4770,Kamala Harris,<p>Think about the writer of the sentences you read on the previous page. Who does the writer believe will be the US president in February 2025?</p></br>,event-maze,post
3326,Donald Trump,<p>Think about the writer of the sentences you read on the previous page. Who does the writer believe will be the US president in February 2025?</p></br>,event-spr,post
4411,Kamala Harris,<p>Think about the writer of the sentences you read on the previous page. Who does the writer believe will be the US president in February 2025?</p></br>,event-spr,post
4819,Kamala Harris,<p>Think about the writer of the sentences you read on the previous page. Who does the writer believe will be the US president in February 2025?</p></br>,event-spr,post
3533,Donald Trump,<p>Think about the writer of the sentences you read on the previous page. Who does the writer believe will be the US president in February 2025?</p></br>,event-maze,post
3977,Kamala Harris,<p>Think about the writer of the sentences you read on the previous page. Who does the writer believe will be the US president in February 2025?</p></br>,event-spr,post
3535,Writer is unsure,<p>Think about the writer of the sentences you read on the previous page. Who does the writer believe will be the US president in February 2025?</p></br>,event-maze,post
4473,Kamala Harris,<p>Think about the writer of the sentences you read on the previous page. Who does the writer believe will be the US president in February 2025?</p></br>,event-maze,post
3658,Writer is unsure,<p>Think about the writer of the sentences you read on the previous page. Who does the writer believe will be the US president in February 2025?</p></br>,event-spr,post
4141,Donald Trump,<p>Think about the writer of the sentences you read on the previous page. Who does the writer believe will be the US president in February 2025?</p></br>,event-spr,post
4890,Donald Trump,<p>Think about the writer of the sentences you read on the previous page. Who does the writer believe will be the US president in February 2025?</p></br>,event-spr,post
4137,Donald Trump,<p>Think about the writer of the sentences you read on the previous page. Who does the writer believe will be the US president in February 2025?</p></br>,event-maze,post
4396,Writer is unsure,<p>Think about the writer of the sentences you read on the previous page. Who does the writer believe will be the US president in February 2025?</p></br>,event-spr,post
3655,Kamala Harris,<p>Think about the writer of the sentences you read on the previous page. Who does the writer believe will be the US president in February 2025?</p></br>,event-spr,post
4095,Kamala Harris,<p>Think about the writer of the sentences you read on the previous page. Who does the writer believe will be the US president in February 2025?</p></br>,event-spr,post
4415,Donald Trump,<p>Think about the writer of the sentences you read on the previous page. Who does the writer believe will be the US president in February 2025?</p></br>,event-spr,post
3823,Writer is unsure,<p>Think about the writer of the sentences you read on the previous page. Who does the writer believe will be the US president in February 2025?</p></br>,event-maze,post
4367,Kamala Harris,<p>Think about the writer of the sentences you read on the previous page. Who does the writer believe will be the US president in February 2025?</p></br>,event-maze,post
3369,Writer is unsure,<p>Think about the writer of the sentences you read on the previous page. Who does the writer believe will be the US president in February 2025?</p></br>,event-spr,post
3777,Writer is unsure,<p>Think about the writer of the sentences you read on the previous page. Who does the writer believe will be the US president in February 2025?</p></br>,event-spr,post
3795,Donald Trump,<p>Think about the writer of the sentences you read on the previous page. Who does the writer believe will be the US president in February 2025?</p></br>,event-spr,post
4104,Donald Trump,<p>Think about the writer of the sentences you read on the previous page. Who does the writer believe will be the US president in February 2025?</p></br>,event-spr,post
4612,Kamala Harris,<p>Think about the writer of the sentences you read on the previous page. Who does the writer believe will be the US president in February 2025?</p></br>,event-spr,post
4669,Kamala Harris,<p>Think about the writer of the sentences you read on the previous page. Who does the writer believe will be the US president in February 2025?</p></br>,event-spr,post
4574,Kamala Harris,<p>Think about the writer of the sentences you read on the previous page. Who does the writer believe will be the US president in February 2025?</p></br>,event-spr,post
3718,Kamala Harris,<p>Think about the writer of the sentences you read on the previous page. Who does the writer believe will be the US president in February 2025?</p></br>,event-spr,post
3336,Donald Trump,<p>Think about the writer of the sentences you read on the previous page. Who does the writer believe will be the US president in February 2025?</p></br>,event-maze,post
3949,Kamala Harris,<p>Think about the writer of the sentences you read on the previous page. Who does the writer believe will be the US president in February 2025?</p></br>,event-maze,post
4000,Kamala Harris,<p>Think about the writer of the sentences you read on the previous page. Who does the writer believe will be the US president in February 2025?</p></br>,event-spr,post
4406,Writer is unsure,<p>Think about the writer of the sentences you read on the previous page. Who does the writer believe will be the US president in February 2025?</p></br>,event-spr,post
3759,Kamala Harris,<p>Think about the writer of the sentences you read on the previous page. Who does the writer believe will be the US president in February 2025?</p></br>,event-spr,post
3540,Kamala Harris,<p>Think about the writer of the sentences you read on the previous page. Who does the writer believe will be the US president in February 2025?</p></br>,event-maze,post
3367,Writer is unsure,<p>Think about the writer of the sentences you read on the previous page. Who does the writer believe will be the US president in February 2025?</p></br>,event-maze,post
3429,Writer is unsure,<p>Think about the writer of the sentences you read on the previous page. Who does the writer believe will be the US president in February 2025?</p></br>,event-spr,post
